Metabolite,A01,A02,A03,A04,A05,A06,A07,A08,A09,A10,A11,A12,A13,A14,A15,A16,A17,A18,A19,A20,A21,A22,A23,A24,A25,B01,B02,B03,B04,B05,B06,B07,B08,B09,B10,B11,B12,B13,B14,B15,B16,B17,B18,B19,B20,B21,B22,B23,B24,B25,M01,M02,M03,M04,M05,M06,M07,M08,M09,M10,M11,M12,M13,M14,M15,M16,M17,M18,M19,M20,M21,M22,M23,M24,M25,Y01,Y02,Y03,Y04,Y05,Y06,Y07,Y08,Y09,Y10,Y11,Y12,Y13,Y14,Y15,Y16,Y17,Y18,Y19,Y20,Y21,Y22,Y23,Y24,Y25
"(-)-5-Oxo-1,2-campholide",12.8660257292639,12.6730851718838,12.8678105296748,13.0753756133505,12.8938080840684,12.8798230559076,12.8795607147929,11.9643319700625,12.5457440697377,12.6335988185088,12.3164923574521,12.8788534668449,13.6760970683148,12.6526638267872,12.8701887929281,13.4791775351331,13.7351214132087,13.3356932232569,12.8812030009352,12.8887704663846,12.8811933036607,14.2348174490762,12.416174518757,12.9524554103938,12.8664466911347,14.3105318656402,12.5599821887627,13.1290594661054,14.1551467632619,11.9223211901744,12.3740289378922,10.6043833276036,12.1676013113114,12.5060664823492,12.4941164651374,12.5017550287915,13.5201789966888,12.2458296762241,11.4909609514759,12.5167015488239,12.5071085067852,13.7103392769454,12.4922421707734,12.5036567131912,12.5183695002879,12.5053684224665,12.5012506566722,12.5091332091216,12.5056805606396,12.4916688874787,15.092616691371,14.8279444597557,13.3435258623371,14.8461208176889,13.9399793928238,14.8406698599981,14.8248100816964,14.8996855319927,11.8527613601116,14.8493894609149,14.8521247567767,14.8432668948263,14.8493330831567,14.9656082993979,14.832847927036,14.8379866648489,14.8305763488955,15.3533897693492,14.2838133168727,15.5328873736942,14.8372585594086,15.4175772801193,14.8359394110557,14.7732589742905,14.6794566764136,14.5571082344013,14.5582063487845,14.5925554325588,13.7766562936117,14.5560788013643,15.7464124114566,14.5632449510299,14.5473118215273,13.3581982919537,14.5540348844928,14.553690412186,14.4401614085514,14.5586655769358,14.5482936191087,14.7951589477184,14.5062432460802,12.9394515509069,15.3856145061013,14.5637578741346,14.5450381282165,15.3897109608706,14.5635802171017,14.5600952518629,14.5600505220493,14.550330562531
"(2-{[(2E)-3-(4-hydroxy-3,5-dimethoxyphenyl)prop-2-enoyl]oxy}ethyl)trimethylaminyl",10.7479961054141,11.2570325806799,10.7095129823719,10.6591377624694,10.7432729162712,10.8526599983512,10.0790271049044,10.7554981705758,10.7339765161274,10.181869853325,10.7821421396052,10.0910567012489,11.3503495561065,11.5455387211288,11.1937539313244,10.3052717059045,11.5098173969713,10.7335715251225,10.7564180189817,10.7536983918345,10.7330368483663,11.0615697321814,10.7327287597524,10.1072382711502,10.2306195090457,12.1540516442758,12.0931699456372,12.5932780677983,12.1483827321311,12.4763371295025,11.1304987801848,12.1617945344898,12.1375442888509,11.5392255666892,12.1471106409772,12.7661998088489,12.1492878125007,12.727903826046,12.3790147840432,11.9511766636274,12.1578611768019,12.152480646663,11.6068092638766,12.1372867737262,12.1522984090275,12.4297272745205,12.1339943114954,12.1627088258352,12.1462629867438,11.7777825727819,12.6205712246871,12.6392260166215,11.2171370258666,12.329429638019,12.6096998983988,12.5890565313571,12.2964570655112,12.6152917525231,12.6206848904537,12.6312971489275,14.5115537908603,12.6266421615689,12.6445307807299,11.922196526872,11.8717739448968,15.138149469936,12.8565944803822,12.205538452879,12.9602422683375,13.6758215082612,12.8686814706248,11.2600279725261,12.6628776499096,12.6190189435364,14.1650126916356,11.9337609241431,11.8199556808986,11.943908944818,12.7570382481036,12.9140693864087,11.8457508160671,11.9350585960764,12.5584777232312,12.2854592715256,11.5384581024839,14.2428804985009,12.1338936293233,11.9527564099627,12.3995082523351,11.9438493943373,12.7110662486321,11.6894933512387,11.9460256273915,11.7301760419754,10.6617152634724,11.9472538252573,11.9353446797417,11.9537156161674,11.5445475573033,11.3612192454602
"(2R,3R)-2-hydroxy-3-methylpentanoic acid",10.3608085214681,10.6753491316803,10.667774361399,11.2876028517552,11.2486979251581,9.3298591329862,10.6658334909795,10.6677859667863,10.6669724572621,12.2000334886392,10.6753802973386,10.6723380456724,10.6658507590605,10.4250766675908,10.1448275571192,11.5189132574185,10.1735996558783,10.6603015268299,10.6781918496877,10.6782733585134,10.6544257565125,11.5233382298308,9.65307621489944,10.665041573819,12.052951221899,11.0821185940451,11.0836807274627,11.8797344562685,11.0991756854337,11.0623219555896,10.2925088753341,11.0812148361355,11.0704738033172,10.5371529680775,12.7122855312898,11.0727170030992,10.8239412818283,11.0777683434297,11.0677304015208,11.0692855117116,11.0779280703238,12.0376393483456,10.5038623493954,10.9462474701884,11.069367754362,11.9655814267567,11.5744591811044,11.0647964142271,11.0327940387019,11.0787813692084,12.2562059850937,11.3066488949357,12.4020104792156,12.3924780612556,12.4041538690736,12.841973672655,12.6192421811803,12.3786932500197,12.397685649364,10.5574673538039,12.3807810243449,12.3901682026015,12.3856482396884,12.05767641647,12.3951382862907,12.5156586556017,13.305799789728,12.3871626192488,11.7368766233502,12.379251921549,13.0755115556113,12.3942734059093,12.3882211498584,12.3825143886628,12.3923608406445,12.5941087672278,12.6225153787348,12.5604674636236,12.5267676539866,10.5461251131736,12.5792286403379,14.0728658252054,12.572856896272,12.5651128066388,12.5668570936152,12.58646069513,13.1167626280972,13.2179163774144,12.5654602222279,12.5710326614258,12.5646916760989,12.576377106259,12.5277148737644,11.1153068952227,12.9254673846945,12.097717159337,12.1318126394877,11.2669543156697,12.698703879885,12.5628599713696
(3S)-3-hydroxyoctanoic acid,12.1596415182148,12.1415557537422,12.1387107383245,12.126377511486,13.0646612570817,10.2251061253398,12.1380533388656,12.1418792952303,12.9825895585277,12.1346633333642,10.6772411327353,12.1396933095482,13.447084480558,11.0607898571278,12.6112055501839,12.0801746287751,12.6127336720149,12.1559423510248,12.1441215627429,12.137776033082,12.1505052552653,12.1687326486362,11.1735432767228,11.4019880532247,13.286552287673,11.6403691246831,12.2775767087841,12.8238838387803,11.6404172294614,11.7692635375351,11.6292823357669,11.6348325425383,11.6387929553829,11.494169572391,11.6261456583154,11.6270640105566,10.7587310772597,10.8680687433615,11.6422890838516,10.5814275314563,11.6493211435946,11.7684450716499,11.7089964217109,11.4259146017905,11.3193564201042,11.6348240615891,12.483797272466,11.6387546275,11.9291471270572,11.5658509745461,13.1731842001507,12.5056526448115,13.1756640998483,13.169970884708,13.1772748814044,13.1591974329418,13.1717199415586,13.1675108228389,13.1780147083377,13.1546204635364,13.3219049932663,13.158301001128,13.704311066428,13.9644531777352,13.1636430187867,14.3927869736506,13.1697868627275,12.9945267114538,12.7918867304058,13.1584191602123,13.1730343764869,13.4521806802076,11.9311637476115,11.5269150993719,13.1635269528857,13.3904823293853,13.3275425914931,13.337548091592,13.7671794167627,13.3306104240867,13.3315442034377,14.8575043441261,14.1488081931199,11.0842089968813,13.3316143849786,13.2816146026829,13.344593463599,14.1014118176804,14.7682669744001,13.3440221957675,13.0342955908129,11.7645512640264,13.780414830331,11.9765665459238,12.9486731612882,12.3104359341802,13.3300447081227,12.1483273340121,13.5509568361071,13.33880086793
"(7R,10R)-aspergilloid G",11.2033834984699,11.2019495711404,11.1865262812707,11.1851379204948,11.7894409785885,11.1969346383217,10.7548064701862,10.7132966147921,11.1835878102079,11.1940983021913,11.1988785558993,10.7373049981223,11.5272808062317,11.1912390780186,11.1858772942659,11.1792922626293,11.1853092952119,12.110402044842,11.203622091447,11.1836183115484,10.2591860522307,10.6915529103415,11.2041048503845,11.7061435283173,11.7107947694284,11.9656126868013,12.5041439974824,11.2484252641356,11.2238821782739,11.2472098979399,11.2570480674508,11.9746024312418,11.2454293380771,11.1148492439892,12.297225865108,11.248407464274,11.254355256176,11.2318738129711,10.9378819867771,11.2384564413405,10.8081074816683,11.3454701365947,11.2316287768958,11.2424858812226,10.8501936142326,11.24033693448,11.2489741109245,11.2351208793829,11.2312844298599,11.2540849293874,11.1177079257657,11.0566595321548,11.5572859117467,12.0152312730449,11.5416434896617,11.408921432773,10.7617203569174,11.2648469884394,11.5536737004997,11.5571061781486,10.8982604811413,11.8456493184296,11.2846368123745,10.8923029048239,11.6799450219104,11.3417664729765,11.9586027601315,13.7989556870217,13.5530441722766,12.8311317312938,11.8297439556265,12.0827353504508,11.7738724502395,11.0787366011452,11.5486755329762,10.6575681526757,11.2911474139439,10.3738544520057,12.4827903302327,10.4087415178208,11.1847075392885,11.8149802356255,10.9781998598969,13.2530970297803,11.2755895677414,11.2890258158317,12.4401979810895,11.4799660435062,13.1490125359761,10.6866695892301,13.0226063379058,11.2942123710707,11.2713433627101,11.2887903266514,11.247941449146,11.2672437885029,10.9689010846904,12.0907627028815,11.2895849043953,11.274271004844
1-Octen-3-one,11.3235810779554,10.8097400003034,11.5922686911345,11.5518364539411,11.5553504008203,10.8224181776133,12.1945552206232,11.3401600443615,11.8801845550553,12.1355425650445,11.5564230125373,11.5510946714663,12.5063582129061,11.5615053899913,11.4217490716423,11.6359164119829,11.5568252482074,11.5479442161738,11.5403117951255,11.5483191707052,10.7289442456251,11.7803857858017,10.5239093822246,10.7800682646067,12.5073802574543,12.2485767382032,11.8388344723247,12.0547382894091,12.3117626090794,11.4156627025276,10.5538437144899,11.219669687629,12.9174754369668,10.8724994832888,12.3057686373071,11.3155094646778,11.3069543901315,11.3045727637757,10.5464106506486,11.3141067720658,11.3043800646084,10.6445336762593,11.5208506185967,11.4833038374863,10.5890434969679,11.3131729378984,11.1198227083609,11.3136248756956,11.2004741776055,10.3861231555257,12.5380852478397,11.8576430411566,11.8327363383937,12.1156413312276,12.5718294936414,12.3617535320947,12.7270655923092,13.7121677682872,12.3400056266098,10.4154306142787,13.2196390933134,13.1186486769556,12.5003574111217,13.1020861751553,12.3260104812373,13.6991449926452,12.7785875082551,11.8446633447101,11.5393096176982,11.1532353532589,12.4569826497758,12.2141730153313,11.7034334784096,11.3742049679523,11.954879060212,12.0698192004322,13.2181588176101,12.0924117950894,12.5876967461119,11.2684928688845,12.9384388054352,14.0923473885572,13.5014343020804,11.0562849052694,12.226254885294,11.7261694292273,12.8150705835944,13.031610873317,13.4394807698364,12.200308533654,12.3604356155095,12.1178271056666,11.9485612325491,10.9419548319817,11.3400739388623,11.4750306485926,12.3024516716943,11.4927434572905,12.606023745257,12.2072742073728
1-Palmitoyl-sn-glycero-3-phosphocholine,11.4726098429934,11.4559971015559,11.4778882786705,11.3648863282141,12.033306194952,11.4413158186036,11.3069461196729,11.1782533391823,12.4602113956102,11.4595705799543,14.7071444062793,11.4706568650631,11.4754242006225,11.4267032138883,11.4820355214972,11.4941749232943,11.4548543925255,11.4807439674812,11.4785542010373,11.4537466628387,11.4666481474662,11.4681857284512,11.4643768093279,11.4701720333304,11.8269014769824,14.2967922694073,11.0589815685962,15.8547974641851,15.6975019346207,13.3572210306123,10.99631136745,13.1868313511502,15.8318920034576,13.2568204514213,15.5631464531445,15.1768873728617,14.6357522167469,12.24614972506,16.3830932943694,13.9193154021217,14.969340101163,16.36975441432,16.1987421028311,14.6305910715392,14.6408195489719,14.6248425134249,13.0208938075087,14.643388946924,14.6308839682716,14.6275448374458,11.8686239201832,13.6924995267987,11.6703805219792,11.83070272217,11.9985977701252,11.1471398488955,11.5994971569247,12.2910347298453,11.6562552526176,11.6609465153763,11.6779094104957,10.3207950984394,12.2095487293105,11.7338237015779,11.6542434313975,11.2230213145786,10.9498516243848,11.6819118297457,11.6668932895497,11.6675207192211,10.6147296690747,11.667903109368,11.6772509864586,10.0144269530672,11.6807466114528,17.102645859975,15.5135752929866,12.1022037421534,13.1352898287149,13.0322235300322,13.0155112077688,14.5492251915313,12.1016344788474,12.0969214276752,12.0952230963449,12.0906190922058,12.2843736508761,11.160494674614,11.2663876348247,10.0456366626339,11.718506153856,11.1976322320431,10.8296471327143,10.1670104014166,12.0887276187494,10.9193110515476,12.0927173331512,12.0946002571242,13.1477586281435,12.0895575927773
"2,3-Dihydroxypropyl hexadecanoate",15.3153065593329,14.4214815634459,14.6370700297511,15.142134912299,15.1987789828656,12.6381996257237,15.7993163012938,14.860490700107,14.7749497385868,15.4335796170268,15.1849853810041,14.1664583513231,17.176695761548,16.0716473487234,16.5935986241137,15.8895795215874,16.0616576106266,16.0278563490935,14.2840357650075,16.0635447025784,14.2986304397655,15.6220222675345,14.3167313999931,15.8783630179588,15.9989726954864,16.8482116900177,14.7750058008141,15.8674962467098,15.140233459258,16.1942997370762,15.4699005526606,16.8414757575894,16.3540882800408,16.8612579104872,16.0076436378187,17.0046512537121,16.221615849331,17.0460164330448,15.9322498547057,17.7218708879595,16.8487906371353,18.2345868873531,17.9041338429871,16.8594928365803,18.128813883647,19.0311732816059,18.0661004462235,16.8472704022496,16.8372667830783,17.558540101538,19.772077439856,20.5567527750053,19.2802893145059,18.3611996399836,20.4400893769534,18.8035359103073,20.2357358337747,19.9793851347997,17.0071642634037,17.3793887216813,11.9517986953533,16.9996185718627,18.9594072970345,17.9452557678248,16.6117157219053,16.7905355663163,16.077072613696,16.6987394547131,17.0081983075826,15.0342991318212,15.3663717595867,13.4078434777656,15.183806793279,14.6256330413735,13.1800789010843,17.102415802602,16.5473912271678,15.2172666653632,14.9786147938327,16.2682301992674,16.136954178182,14.6769186112579,16.1835505192721,16.0513873091526,14.5937503984109,16.306108126496,15.0118873592926,15.1940879045727,14.623503374141,14.2994029114621,15.2673964199278,14.6473803825473,15.2227354074482,13.9286083586117,14.3780752082473,15.70173329195,15.2356299080296,14.6903122331507,16.048053731833,15.6232920062752
2-(1-methyl-1H-imidazol-4-yl)acetic acid,11.5423239384629,11.3558446956112,11.5680256780698,11.4492992814981,11.5426308016694,11.543231714431,11.554056837018,10.3734670496944,11.5423612608821,11.55256130246,11.5575784324566,10.7326499853872,11.2625320308535,11.5463411381064,12.3070203123737,11.7550461686029,12.922710665151,10.4394574684681,11.5480236967476,11.5418185587428,10.1218335408087,12.892916225034,12.1821700825626,11.6532656436549,12.5059475388821,11.6754060611879,11.9116182777115,12.2354384668406,12.0765966030343,11.9134820955043,12.0163629686005,11.9130766607877,10.9590211317576,13.0683789387348,11.9077466171727,11.9058779120559,11.7250377065554,11.9221083983524,11.9191364739353,11.9183544011919,12.6486130397843,12.3956647472709,11.9221595441442,11.6463443419658,11.9082504186049,11.9076828109946,12.1463224496256,11.049957390561,11.4296491980022,11.5377524313715,12.8018056217737,13.3084265022522,13.2168259152438,12.9349247637667,14.3396428691609,13.9855672074478,13.360085126306,14.0773126083705,13.6223000073353,13.6211663339842,14.6469284990499,13.6297674382154,13.6185119126439,13.6294444382796,13.6222402237212,13.5502153104559,13.8372782757335,12.865654806519,14.4669940109671,12.7255728795511,13.6309475491049,13.9662736377559,13.6338992192621,13.885599901321,12.4505278697784,13.1550827860918,13.6754967775139,13.6655326952746,13.6781801901312,12.833295642942,14.8927121308058,13.6649315883322,13.6704484395994,12.5530208721864,13.6912651219096,14.2365987230912,14.5104481315486,13.6821651455712,13.0171988679928,13.6229226294949,14.0973887061731,12.1917100625484,15.1800395920469,13.6906259081439,12.5086612562718,13.6880969512433,14.6199542481344,13.6916039105194,14.7623163123627,13.6828643590005
2-Hydroxyoctanoic acid,11.6369792615336,11.6582754835159,12.7565476579885,12.7418925961804,11.968098479359,11.6162324724754,11.6723909502577,11.1371560093619,11.6703728357048,12.983062072749,10.0443534541851,10.9250451342671,13.803848702803,11.4333441466573,12.7722234379194,12.4841507413318,12.8816643650716,10.7804228880357,11.6716705288513,10.1848727995983,11.6935211405163,12.4844421326054,11.4910623443934,11.5612031024628,11.6736558147537,12.527063972554,12.781050666624,12.967820694619,13.1655218233947,12.123052609468,11.2974759889432,12.0537075661176,13.0155383968429,11.9222027493639,13.6738136887182,12.0638468484772,11.7006338026233,10.6908328022419,11.4295949674595,10.2129672178789,12.2330402602483,11.7945644071463,11.8444306914008,12.0494996826667,11.8272760072262,11.6090396411339,12.736431388085,12.0451482502167,12.2055378807694,11.8457001022432,13.536361623669,12.8516893959069,12.677145890925,13.8687903638006,13.8540832446219,13.9462076214785,13.2189244344233,13.4353330853219,13.4129812076266,11.9268714085798,12.4284420168909,14.2962608495829,12.7548981733084,12.7775920436613,12.6250374670692,13.9861965470573,14.7356867193929,13.62795558087,13.4113707858263,11.5909277860315,14.1114361754011,13.6717714781552,11.8047195420878,13.4148237529831,12.2117986223627,13.3470687841844,14.1574633837561,13.3979808202304,13.1748757656055,12.0481344012473,14.0875699404752,14.8515477146166,13.7068350094077,11.2763258234363,13.368834318169,12.5738411568239,14.2644045772338,14.452213267348,14.0726644890164,13.3828051814956,13.7361706703755,12.1237591896824,13.8886837536217,11.675446685877,12.8038291720365,11.7420228254686,13.3520475927166,12.8252408318041,13.7935500596419,13.3755705859088
2-Methoxyestrone,12.0423180523724,12.0265552239945,10.3981464464722,10.7781952671266,12.0302011242832,11.2633750584928,14.449369886154,12.0485524895811,11.5004218328617,11.9393018930811,12.1283873451077,12.5547816364273,12.0512441797725,11.3510104103702,12.7922603385561,12.0359999637937,12.0337606091132,12.7911996485181,12.0415597446079,12.0493982991409,12.0299424934576,11.2901553733516,12.5830969905344,12.0295434223716,13.4336484351115,11.2932967100215,12.4066393438006,11.305925985954,9.35615031087966,12.5456122657292,14.8184967600765,9.94986043164758,11.3033666095841,10.3050022404242,11.3185066729592,13.1764881760209,10.8192535494511,12.090916790711,11.3352989544996,11.239382985965,11.3176543195578,11.2448228388371,11.3073077132094,11.2965835820314,11.2925755529691,10.440206165421,11.3133841684424,11.3127595837048,11.2973489659606,11.78639177447,11.5742049737998,14.138315676412,13.5794636329965,14.8757023786086,14.0517151763471,13.8970169312322,11.9230729439248,13.57751109495,10.9733230951511,11.407126297767,11.1276814478516,13.5747195317864,15.5685937410514,13.5773682073697,12.5416449315673,18.1094671149152,15.9039614230724,11.3586155786314,12.7684503312736,13.5693177992865,15.719772495461,14.7393592243392,11.8159113276334,16.0066152252579,12.1796722537399,12.6332307887211,11.6379539769798,12.0860616797654,12.0970330054664,12.1064024649017,14.521558550048,12.0853492392647,12.0969362559226,12.092495403777,12.0923540984175,11.8301170815097,12.020492289794,12.1007509473887,10.608896653526,13.6151880589686,14.9572801599525,12.9254275088359,10.4909819495057,14.398923836566,10.3914076713494,13.6149652282169,10.9069990836992,12.0904194368385,12.0917686434435,12.0849811448412
"3,4-Dihydroxybenzoic acid",12.9507019885851,13.2585184399204,12.6452843897754,13.107097465263,13.1673342382868,12.9097214260288,12.845616122869,13.4744926572642,12.9491346530898,12.8301108445361,12.6527653891499,12.855614277383,12.9739018784022,13.1941412253167,12.952344235425,13.1128648532348,13.3515572856444,12.8955024886276,12.962129808729,12.7944486878982,13.0832945995143,12.9606978272645,12.9755273428356,12.9633302524412,12.6406375794503,12.6873572819592,12.7252182253588,12.5757086885542,12.6347289351226,12.6380053747608,12.5907958384827,12.6316452770708,12.2568103376411,13.2108808258538,12.6376174244187,12.7779893434722,12.4242604415471,12.6236346160452,12.6509735807654,12.6454645691703,12.9053298434883,13.0602903002336,12.4481524404918,12.6310063634583,12.0640042267198,12.6293082830658,12.65382471631,12.6394467643216,12.6361487123245,12.6560083485419,12.6935286205976,13.0279954298352,12.8263088278748,8.06918218733426,13.0238693580844,12.6178712697192,13.1468064766548,12.7476991921159,13.0446599670963,13.0447552337712,13.0434010350694,12.7740689849223,13.3619871471177,12.7954881850163,13.2316279246621,13.1791459928072,12.77716257302,13.0085755047598,13.4730524131575,13.034836529922,13.0298125975889,13.3053280816811,13.7501590044915,13.8205935250628,13.7038487534513,13.780770067684,13.8814917322736,13.7809020812013,13.6504295080704,13.6464547421408,13.649675109103,13.3990962088031,13.5349854802661,13.419986259327,13.5147152880219,13.9445669251001,13.4690937268462,13.8169550349782,13.2567450796648,13.4217630410127,13.8612077266458,13.650390352619,13.6519519394986,13.1470908412932,13.2265805870489,13.6554894071947,14.0935425972169,13.6476295800613,13.6644666947992,13.6551832594663
3-(1H-imidazol-4-yl)propanoic acid,12.1218021968613,11.8976215456682,12.1216696659076,12.1340568537795,11.5760997100653,12.1184204341161,13.9351085776347,12.1352106096525,12.5087195332953,13.5675136202994,12.1351868589769,12.021939412231,14.6248151306053,12.1355191638812,11.759285914973,12.1329125117336,12.1256742208275,12.1269143929263,11.4776963111752,12.1135818650009,12.1250436788901,12.1309020714145,12.1169105483759,12.1298291662033,12.5701261238805,15.5545785712997,14.4544438193847,13.2487132431565,13.2476833774568,13.2480870618282,13.2647178297756,13.2381783478721,14.3745740076893,12.7797655663956,13.2397986394871,13.2387076767603,13.2433660629414,13.3567382950388,13.2476001730297,13.2384949337578,13.7423766244827,12.7962021592711,12.5489962251831,13.2596926678651,12.1521443726888,13.2646997847561,13.2487028745032,13.240149114087,13.2429025790631,13.1373667612668,12.7966610148642,12.7872009407724,12.7995235878206,14.6825774899721,10.9888845713863,12.7896637587844,12.79821494065,12.7943002200815,12.7834907141124,11.6769740468837,12.6616686355897,12.7805022874657,12.6960837113223,12.7981238245949,13.6534355058123,14.2779139477959,12.7770088760776,13.0772507961712,12.8004294332686,12.7847071058807,13.3718249588414,12.7974999511718,11.4406461263239,12.7944636367581,12.7893981870713,14.0993460251163,14.1956727042479,14.0026439104064,13.9980289157361,14.000453984775,13.9879470410845,14.002466490068,11.8690531488332,13.9805728674463,13.9855451740628,12.97577474651,13.9956039606168,14.3872459055029,14.297103484178,14.0010804032348,14.0002125643622,13.9790558817308,13.9831814246667,13.9894799945562,14.4134270780646,13.8722518633545,13.9907195242591,12.6048064887803,13.427666584529,13.9879573091692
3-Hydroxy-decanedioate,9.98366023371907,9.24166022482491,11.1205433716402,11.1259109640166,10.5795052378665,10.9560201423017,12.0289669773237,9.69730908191694,11.0823798301435,11.5083820304164,11.0741357040056,11.081161929605,12.0513602541485,11.0894033904899,10.5970300583149,11.0103500545832,11.301933124227,11.0889416033555,11.0802712242409,11.0779995043319,9.8765110170762,11.3076307552995,11.0701284458005,11.0734276091589,11.8683402321253,11.0803942463337,11.3895541737143,11.3912878723956,11.9837223119257,10.9804403089278,9.99913538348246,10.7973648010539,12.0871104428246,10.8498156476114,11.7225722203706,10.8738487025143,10.6746744158922,10.8683624437671,9.91920006724327,10.8563657170156,10.890258209784,10.867437802743,10.2351062357418,10.866590440903,10.8764195559909,10.8691479113938,10.5442197037416,10.8643198199458,10.8812643602954,10.4783157502353,11.6992458293714,10.9838934302135,11.223905617788,12.4120806682989,12.3714534583347,12.9321333355991,12.3692570629373,11.6552527056712,12.3054145562677,10.4735517402984,11.1173951670325,13.2550680406241,13.0842265522068,11.9191092133208,12.3536391378287,12.6247896391561,13.5386752175619,12.6075562838259,11.4946573227748,12.2511330624468,12.367029941027,12.1577776333397,12.41826261648,11.1797457975443,11.626589821008,11.7017094383463,12.2133009399402,11.946894847594,11.8361857264583,9.64950045415419,12.4524329254135,13.2189967786972,12.4420878719646,10.97731625663,12.0815826524218,11.3515493572352,12.1402531493778,12.3811398167941,12.9021220368713,12.085477310758,12.9568872325543,12.9168140986098,12.0394456393537,9.93175924723206,11.58606319424,10.0969570800904,11.5836321039995,12.3176988424658,12.7697000290983,12.1012912064507
3-Methylglutaconic acid,11.1772912383232,11.2279151536871,10.6231616012603,11.2206329614555,11.2055048269292,11.2226716220261,11.2987289308904,11.23307988802,10.6620916494933,12.3036523876926,11.2240863781757,11.225001780993,11.2230940904164,11.2271201474935,11.223458548077,11.2320877070918,11.892487014918,11.2104375644201,11.2239659700697,11.2186231561311,11.0885066028535,11.2296017903974,11.434487418316,11.2398629901495,11.2316771227148,11.5007064445591,11.8839779316566,11.4787300888879,11.5603029897027,12.1272410439907,11.394562373784,11.4123228231422,11.494924242844,12.046781287268,12.3226441800084,11.4751739169748,11.481746367761,11.4985006379191,11.490782175651,11.479430181106,11.1059619979201,11.4814736646148,11.4872620152023,11.4925904005747,11.1227413968649,11.4781855494664,11.0784991071411,11.4785058490756,11.4784375860026,11.4781156367223,11.5761827357929,11.600207742787,11.5766144187396,12.1053154717677,11.174106155619,11.5762552216393,12.0009043778464,11.5742483016173,11.595959718348,11.5797395850045,11.0658671456998,12.1099692524255,11.5989475045796,11.4332891517886,11.5767025263496,11.522337433772,12.3354519708052,11.6078833527362,11.5677781876585,11.0174145566183,11.7737697690045,11.2846214101739,11.5883897855917,11.5894539294495,13.4704283612207,11.5414749672138,11.5339516577693,11.5899500277354,10.6981145880063,11.3206599170486,12.1831315721375,12.1837930158256,11.5400064241472,11.5306896096247,11.5407605555924,10.691924825063,11.8606134866778,11.8321673839006,11.0344783240779,11.5218845029454,11.51865458755,11.5341712010949,11.1281061242205,11.5237585706238,11.8829173202688,11.5182595997965,11.4644155889675,10.4945439767026,12.5804931816624,11.535641685214
"4-(2,6,6-Trimethylcyclohexa-1,3-dienyl)but-3-en-2-one",12.4613207147294,12.4630991140421,11.5397859688526,12.7555596126658,12.4687081604297,10.6559959123801,13.1385060242038,12.7560047377414,11.1122578721627,13.4468328798485,12.4618193445645,13.3969925456671,12.4695294189817,11.4474137938916,12.1206555120995,12.4761833345039,13.5922310051259,12.4710988843515,12.4780594701791,12.4830074260232,11.5580245462914,12.9589665245063,12.4768224083693,11.193274219769,12.4815247930655,13.7394358161357,13.974488128092,12.0271031849939,12.3510538977532,12.1721673769052,12.8200617678084,12.6117020403754,12.5973499779598,12.6169906701624,12.5918878201064,12.5948148447003,12.6127676511335,13.115042689774,12.591813941821,12.6006304946147,11.3590105597064,12.6049106866149,12.599328980084,13.5075099870152,12.6141905253572,12.9143581224837,12.6002643091833,11.6377386726684,12.5988183041844,11.4316751330998,11.8665855424313,12.8610814683434,13.0844648780543,12.206419528331,15.1757684164601,15.1579566491433,10.8406180391103,12.866309228985,12.8754127144648,10.9155385735683,12.8639789070222,11.0451706574797,11.5133336025347,12.8688835125602,12.8973684709913,12.8604112475422,15.8079833585682,14.0351571489836,14.2781933680129,12.7938619763466,12.1805391439968,14.8860936230932,13.1996779499901,12.861242170021,11.0795764967155,12.3119706252974,12.3058267335063,12.3180913274699,14.2155337982935,10.8900899238594,12.774261888702,12.4792237704606,12.3138320205992,12.1222318490481,12.2998410268237,13.8325974818461,11.8350620076494,12.3236943378009,15.7045431291755,12.3231353102554,16.5615000755887,14.0854618713011,13.915545987781,10.5530480222192,14.6211080577358,11.6893697195465,11.1728091716364,11.4741994772175,11.0536371548419,11.441505882498
5-amino-6-(D-ribitylamino)uracil,10.5405022245646,12.5631489077992,12.9745342295808,10.6447644311088,8.76117407263771,11.0011681289669,10.663832880323,11.3864525120329,11.334458617809,11.5989239862993,12.0235378149944,10.4008296667131,11.4847069751497,11.2834797299595,13.3661181267723,12.0121726126505,11.4826046388438,11.6732963721916,11.1569523327331,11.910309969897,12.239558851905,10.8422696712464,11.4729301900079,13.9952251553025,14.1017203149586,12.3883744960148,12.8737962978282,11.2281441943437,11.0548908682891,11.9104834897437,12.5390352234231,12.8575689189803,12.8020616779355,13.106913678147,12.8708124512356,14.5467241538385,12.8541725307081,12.8759695488835,12.8748994962028,12.8630826194345,12.9239272544276,12.8650312536816,14.0179570904796,10.860667239437,13.4259830347001,14.9048048705213,14.9317787733746,14.0931970099691,12.8548555185229,12.1685163497361,13.304420304397,12.9792174024491,13.5762754160582,13.7359771616978,13.3716428485845,13.4432771737638,13.7473190510024,15.7765701140904,13.5747756974735,12.682352628503,16.3290727104009,13.3055420034084,14.1560032445856,16.2165451260635,12.955047659156,15.7905912717775,13.4527678991779,13.0009950385155,14.0845237944494,13.58740917664,13.6157460305914,13.2597603872084,13.7419458909291,14.4877371489691,13.1235926070085,13.6210472748748,12.9997518965832,12.9356277962619,13.2547876150514,11.4687880828826,13.0425811791344,12.6141732455679,16.9723455113095,12.6013480927386,12.6145701013378,14.5660801903503,12.61045620001,10.7228110755852,12.1782021593514,11.1664761794125,12.6148466997446,12.0782558317104,12.6147414192852,15.3514297597748,12.6012173337471,12.6237695405804,12.6013870619647,10.9972486919368,10.9067782826878,10.2663108307788
"8-Hydroxy-4-propan-2-ylidene-10-oxatricyclo[7.2.1.01,5]dodecane-8-carboxylic acid",11.8217239686055,13.4141199268239,14.28265768162,13.6866857796991,12.7346973494343,12.2486378608015,12.6210837562346,12.6680698276082,11.5243876856509,13.5367483376612,12.8932693806653,12.1995280748663,13.840734631278,13.4550929765637,13.2580945110441,13.0841949889818,12.867582525938,12.8421128052587,11.5685553593559,13.5191449514373,12.5305798500051,13.1722824956603,11.711506411254,11.7617653470706,15.1993394288524,12.6338136725605,12.3317325735686,13.7073457577527,13.4311084498209,14.0891899705325,13.0553934404445,13.140787404721,13.1365054958918,13.5054442003701,12.524594626106,14.3654818654102,13.6913701735258,12.7226298755997,13.1446378209694,13.5340704529062,13.475201085684,13.1548956584702,12.285984451051,12.5211244362312,12.4013502201212,13.0206724310593,12.127814042776,14.3180359570991,13.6885766830593,11.2646520174297,13.197493424232,13.1786345778993,13.4512256958597,13.217193331283,13.0012500000147,13.21853465429,13.2155140474133,14.3239030937361,13.2149134395784,12.7464787897169,15.8227780583428,12.0076572029218,13.2233725922908,16.1580960557745,13.4000339768527,14.9266222967376,13.2197662310873,12.8633052000114,13.244315925075,13.2111856905073,13.2054758513526,13.3408900520353,13.1754599250229,12.7513942604035,13.1242251721149,14.0095515821284,14.2419392077329,13.8290827311448,14.1853608074248,13.0691409362094,12.7888631733473,13.3903575437305,15.7598511330853,13.1314518674299,12.6801407364203,13.9219234657942,15.1461260685478,14.5571105708582,13.5218681439984,12.7694515793229,13.3440826923526,13.7860727181984,12.7696008416722,14.5178973757193,13.6813144851376,12.1634864299871,13.5931999600378,14.2477374998628,13.5170013510581,12.7527210916103
Aculeatusquinone B,10.9055657850758,10.9066476734029,12.5411560841436,12.1054172802396,10.9159821268747,10.4225753456937,10.9022233619714,10.7183053172891,10.912231043254,10.9015154418045,11.4696559841707,10.9119938062087,10.7376173413626,10.9333443429781,11.650798213951,10.9024055223178,10.9091782327649,10.8910441066488,10.8900692164823,10.9142796568273,10.8952797662099,10.7335472915618,10.4758219584614,10.2336148190392,11.265019795004,11.43842467323,12.2316748045714,12.974253881693,12.359241604926,11.9069884010057,11.4464703159665,11.9410958499606,11.4421348195314,11.1863262933166,11.4250033744695,12.0300152715148,11.43407299959,10.8702210902931,11.2631595038372,11.4294359843008,11.3122906595767,11.2191908294141,11.4328175384194,12.0886341545666,11.4267001543304,11.4285156084396,11.0587210095384,11.4437092589728,11.4375108089929,11.4259648217222,11.6093643974449,11.5574884909447,11.5575942251306,10.7216997803543,11.4614480366083,10.7369347235434,11.5604117880764,11.5845929210472,11.5500661306,10.363683606575,12.0770140818702,10.4868539302951,11.3330176267526,13.9068572732888,11.5695503625156,13.6378181584813,11.7917234494404,10.975252173123,11.3850682820304,11.5524887263069,12.1021525897791,11.566173494275,11.5565718466756,12.025454149375,11.560570428431,11.2722672620119,10.6387282002808,11.5250525727053,12.6409383702708,13.0641160489131,12.2831382371636,11.7595301986002,14.9594277721367,12.8525986915658,12.3592805428764,12.0442503570617,12.4288463036238,11.4559953775951,11.2959419160397,12.280689496214,12.2902642441011,11.132329106231,12.4479882305913,13.9554503753993,12.8961082714709,12.281279425866,12.4228306586174,12.2725697287754,11.3988322113872,11.3585924486056
Aureonitol A,11.0582387035945,11.7860419632738,11.8578287337955,11.8786872182227,11.8588699071876,11.2111847745397,12.4217773086782,11.8724161522281,11.6882329660858,12.1689212820734,11.7897202976643,11.8045865133122,12.83074949359,11.8869530251865,11.8622328557914,12.1150978071235,12.7065235723236,11.6920193519677,11.8725501710144,11.8600004066734,12.3218235159945,12.4887680246662,11.8740160092751,11.5737913253123,12.9704445992045,12.7202914023026,12.7224533105369,12.7356135649307,12.1014444979668,12.5217079820061,12.4444790120744,12.7374663973566,12.7299870557706,12.7170610402318,13.0789567119758,12.7374379117658,12.6456814126826,12.7164338186826,12.7344202417399,12.7297760277651,13.0764483364981,13.2258349425529,12.7172301303526,12.7216922407344,13.2466929614601,13.1218339465632,12.7327668335751,12.1824483019893,13.0390870874128,12.7170524795493,12.6865775563315,11.3713679030568,11.8705496131495,13.3473148269721,12.9642818308969,13.4102534430485,12.9076582545009,13.0724675824495,12.2592287429097,14.5479409195861,13.5180810202958,13.5767476453194,12.6115994732023,12.3374582480018,13.2198580832381,13.1348435515618,13.5254231400329,14.3102107646864,12.9687259471585,14.575750440606,14.0077149173106,13.2730277647708,13.6004311385922,13.0226494147014,13.3761714606104,12.2974274991925,12.4358717957836,12.8339782204767,12.5428711640266,12.582910056741,13.5136587147478,11.1743835004526,12.8230982293736,14.8148680292792,13.1334420453416,12.9988157207857,12.5731924382766,13.6660727016603,12.6034342057305,13.7063260791252,13.4623657532927,11.7820536235143,13.9063502220342,12.8254782235881,12.8386624975567,12.835694388099,13.5492685149969,12.9157958137939,12.6058430520093,14.200932082652
Azelaic Acid,16.5467809406787,11.089658124214,16.6335267409637,16.5118519441764,16.7730523886453,15.4277511196084,17.1351161814785,15.6955611573661,16.5206479067427,16.9863233452514,13.9352229607108,14.4788169384905,13.1094682935418,15.1211180003502,16.2419330217603,16.2147892946034,15.5153529335573,14.4518765405522,12.9655665220853,13.86621691398,15.1894383639378,16.4805249709222,15.2223795710186,15.419963979397,17.0764782744283,17.1378261376356,16.4058646515083,16.8357476819187,17.0859684528251,16.2372449734377,15.2184286715858,15.6360114507799,17.6866382504394,15.6330982429869,16.9767267116675,13.4267368494682,15.1463725331243,14.4140508376659,15.1604020467298,14.4564626041949,16.0148057078439,15.3819433252847,16.1975506377067,15.6322500459218,15.2696022407428,15.4365452931174,16.0629598754014,13.7002303756194,15.6235859172474,15.2174836466691,17.0392779609441,16.5470581702068,16.5595548560053,16.9314334217102,17.584479587283,17.1246266230872,17.0957340343332,17.1937946539052,13.0710580377148,15.0230688691867,15.9800605316765,17.7924310186821,17.1441974091074,16.7805273878405,17.2352712642879,17.6847502056269,17.7970806070155,16.5957124451443,16.6170134307721,16.1251199369026,17.0678324786851,17.2175875471698,16.584409146807,16.3107509894131,16.6652820830125,21.5790486589813,22.0148672322894,20.8871856860818,21.187045644497,19.2060356080189,21.0611242506387,21.3729430395107,20.6324921758924,18.0064909481459,13.4494611799664,18.3346163813438,19.3800978168022,19.4220819794849,19.5742101043892,14.1684639487613,18.1779209889336,17.5312143627802,17.5275317162207,15.8664962364327,16.3501662275369,15.446694932944,16.6882958926581,18.2471219077229,16.6575646205224,12.8816393194415
Betaine,12.0237617521163,12.2772328266298,11.4285764644269,11.4369848419027,11.1455018529342,11.722415228689,11.6794197799565,13.3934240654112,11.674065883319,11.672828821139,11.6726827043848,11.6880600755018,11.6811621327524,11.6718648309427,11.6950594819495,11.7031943335551,12.5034808998756,11.6919216740304,11.6924105150359,11.6911864750983,12.759495338336,11.6331683087987,11.6600189789325,11.5292368852053,10.5695151946503,12.3988183385216,12.4160202818814,12.415264390668,12.4056886041357,12.4262965308637,12.3994585980635,12.4198561842201,12.407009582659,12.4142867189699,13.4434820247932,13.5486225670579,13.4051485462622,11.5052322699935,12.4210947242953,12.0166580578513,12.40993418197,12.4228001360553,10.8545251344722,12.4707277760997,12.5314201697957,11.2326088922183,12.4027231714285,12.3521934817319,12.4127630142316,12.410006285112,11.2237593993036,11.2185419291889,11.221030905867,10.6410088064077,11.2302915432017,10.2817064359328,10.6274006077666,9.89316543127088,10.5370435510324,11.2292614343518,11.4657985671832,11.0842755676391,13.6895429846189,10.5815595762129,12.4247960032527,11.2186593928784,11.2352506624572,11.8201089556953,10.3952977379568,14.7453869857603,11.2242953021166,12.1526134683641,12.5687856340947,11.2310659806258,11.5045652609955,11.6062258826101,11.6207759139227,10.5193338586114,11.6214483684547,11.6035806374395,10.3912700013547,11.616291262505,11.6075229376699,11.4562894846691,16.217786580231,13.6437833803035,11.6044505110024,11.6184287544703,10.7225025311271,14.5167406895623,10.7437666901595,10.6675004672026,13.4746371539351,11.6235308812043,11.6154950182292,11.6259244760728,11.7598265616051,13.9125750546979,11.609160117373,11.6298720441942
Blennin D,12.6905649801712,13.1699684624454,12.8925882731586,13.5769543672537,13.734349930313,12.4236665622844,14.0576731104699,12.791194092604,13.5499279306058,13.9502423583852,12.9035032700879,12.8721155975141,14.3922634025527,13.1944248358733,13.4261063863767,13.7445083778473,14.042850175925,13.5935538066655,11.5049163995218,12.6026798136635,13.6793123302686,14.0528350486391,13.5854362428202,13.285662047469,14.6532984489784,14.0659668589974,13.6004426436701,13.5447268731068,13.3783893081563,12.7704911974763,12.4934387365855,13.5792195649256,13.6405462560416,13.6685862454571,14.3357501056407,11.8618046811074,13.3931020102737,12.9283230524763,13.0928765786072,12.8275239096826,13.873397832677,14.3594284892682,12.3006834366964,13.457734512776,13.5219537193511,14.2527817058808,13.9936826036418,11.7707385011136,13.5006312981683,13.1253003247546,14.5246753154613,13.6566590654493,13.2933632414646,14.8220512357352,14.256173795942,15.5632950986269,15.0338528925246,13.8650445288527,12.6397735297948,14.4585272608703,14.445038243548,14.0634476738113,14.1559761219649,12.1562320312872,14.8898691022343,13.1352815561172,14.7527492493381,14.8687624608389,14.2158959537215,14.8689855098382,15.0604518597754,15.0828476979465,14.4179502513959,13.9724654732093,14.2025568306657,14.1074601657378,14.0875804963219,14.6934746055681,14.3354838106967,14.9084296010887,15.4679985290693,15.9524014969042,15.901059181924,13.982883134621,11.9671873199569,13.7325630226903,15.3998260965466,15.2621104437651,14.2225733574693,15.1264650739198,15.2192341842099,13.6930728158369,15.4653173679285,12.4259036588308,15.4609463100628,15.097316002828,14.3033716186429,14.4140384140077,14.2881223208053,13.4133748561091
Butylrolactone IV,14.0928600118457,14.0982021079125,14.0837480183886,13.9737478400203,14.0871271833383,14.084395677811,14.7809902768675,13.592791375103,14.085691251891,14.9349260631817,14.1836573039448,14.0864954986191,13.9265985240474,14.08508318773,14.8445371788044,12.9544274910154,14.0886312841022,14.0954444577004,14.0821625116574,14.095758995424,14.0864023201527,15.2413289712103,14.0967830954259,13.7017430667493,14.0803194320975,15.7932588000705,14.3695467733697,14.3736197969046,14.3561256776365,14.3762272142793,14.3771554879465,14.356936712305,14.2796687657259,14.3616592210808,13.0470015570455,14.3761567375644,14.3731838492049,14.2108700636236,14.3541963172901,14.3530851932256,14.6958591520705,11.9346401977704,14.349153647794,13.9949061527908,14.3528185295282,15.517072453221,14.3682689115437,14.3577811874405,14.503716265506,14.4418553646619,12.1324028254643,12.2605972719708,12.3464229901125,12.9195040874561,13.9925819356767,13.3676711426606,13.4165725770793,13.4424534365451,13.4559170248182,13.4479682744124,13.4350337448949,13.4567232974116,12.9667643567439,13.4510276460354,14.0018854785922,13.4817208253443,14.2949586643608,14.0896080607903,12.9880634321669,13.4409251539902,14.4886138984318,12.4594277132115,14.2162347664563,14.4649641535377,14.1763762733143,13.7400666178599,11.7732746677755,13.7471381109297,15.4388094648747,13.7363806533123,14.3563433987953,13.9721192570624,13.2462924471102,13.7350604566186,13.7406317838825,13.7262065491673,14.0917331502966,13.4581144084217,14.9536950281246,13.7257367914128,13.3385288507274,13.7239870251019,14.2543466902841,13.7465995629606,13.7269669964221,13.7408415190123,12.4890541464478,13.7269447754655,13.7379444169815,12.5201555836262
CID 6992309,13.1918055169589,13.0089886538901,12.4841379695391,13.1387857394546,13.1927449748634,13.2054112456205,12.9792152486345,13.4511773510852,13.4390981900647,13.1690056396644,12.6143842339788,13.1943392319381,13.0416990780806,13.6164535377588,14.2427899479786,13.435213363377,13.2860036120749,13.0613722117274,13.5085474505524,12.984037129069,13.1983261807391,13.5792875489755,13.3367365553788,13.1527402969282,13.3771114474636,13.0079268863077,13.3894346907728,13.3959752855469,12.9128200199149,13.3824600174081,13.4032881043749,13.3808436640487,13.2094417641635,13.3921313001612,13.4057700515588,14.1638860858415,13.3818157734642,13.8827330812682,13.3853889426943,13.7681864755821,13.3874975806368,13.3841151550324,12.6984696502284,13.3908515028431,13.3891732646421,14.032770866656,13.3210593098026,13.3889943385903,13.4030816886669,14.0651416388625,13.0638607780208,12.9182539938265,13.3249255267651,12.9724271028937,13.1285619481499,12.7525535260499,13.6565556127641,13.2301961054147,13.2053496488325,13.216182940475,13.2032168182253,13.2225926356723,10.8363967291776,13.2192815117678,13.2059754248693,13.2164544871187,12.7657796837173,13.2218584480786,13.743315663872,13.3000991211337,13.2047796551603,13.3289586439439,13.7955234629535,13.2158560524888,13.6041798950189,13.4428288141359,13.8396366192837,13.5361570274277,13.6946056305379,13.5343769755404,13.5215898930446,13.0010572075116,13.5306834232837,13.6021063071199,13.7867559334404,13.5160665924426,12.9795134230105,11.0483789539148,12.9147983580065,13.5174034233074,13.5299483940868,13.4041525576744,13.5203826765128,13.7872303082516,13.5288629767708,13.5413728456385,13.8680536171712,13.5225863909026,13.509537084743,13.7771564995283
CID 790,12.5551656160658,10.9318355782791,11.7524881601264,11.7862002990126,12.2850463035396,12.0223630888881,10.9925681404138,13.2872700895178,13.9518950161818,11.5274773936136,11.6447500703874,11.5830990395817,10.6761383284574,11.3970093682972,12.2970611322505,11.5813736568087,11.1754384763068,10.8612560652573,11.5996301243435,11.1766695297323,11.5734346739384,10.8137158893541,11.5765899520822,10.7096536886267,11.9967167131101,11.4112239367614,12.8105487510547,11.8379627832459,12.4844553420263,11.9117014565559,12.4818703948789,11.0716989980968,13.6834149969425,12.2128794358348,13.8176258514505,12.9389885751715,12.3321111446233,12.5886617640559,11.8686423397224,14.6041687858053,13.9882401943941,12.5631616282875,13.5104025119201,14.1178098254558,12.3863849123138,12.8609560454875,11.6886994813231,11.8542097852259,12.4728707973718,11.1726803050501,11.7287270566649,12.0577112797752,11.2536475137146,12.105931581034,11.826381722841,12.2424880382573,11.742460976796,12.0458934873202,11.6309920750592,12.1435606108838,12.1186286707754,13.1791782408304,12.2407804618312,12.3513887534711,12.1565499989569,12.1386469922649,13.0126393037188,11.7208151613599,12.1245369724064,13.2793629873034,12.1270152262743,12.140275639442,12.1229484709868,12.6738674486136,12.1955226824914,14.8687642917673,12.951361628782,11.9563541292992,11.3136879337018,11.6658288855309,13.0379390309579,11.7239609302272,12.166611620129,11.3286275128138,10.5400344793427,11.5715269872148,14.409084259244,13.0384498423954,12.8143310513861,11.3541937395742,11.970933063135,10.9240967693911,11.0883112663689,11.9672725796288,11.9578829454063,11.9525284041244,13.6026056272583,11.9608775140182,12.2410062827766,11.9619270711367
Caffeine,11.7549100474369,10.6476126750481,11.1375047456342,11.1223899772155,10.9683150682109,11.1373295816737,11.1534828687193,11.1483579146775,10.8560157006746,12.0586770157178,11.1389547296469,11.1536917776303,11.3904079652759,11.1504916970579,11.132324889458,11.1406349298935,11.9060149905132,11.139035317585,11.3570460225677,11.1366011140209,11.1354421255436,11.9050461825935,10.902095220328,11.1363807537347,10.5951780657557,10.7266341720849,10.8129108898817,10.7336095235428,10.7311331133632,10.6686457304983,10.2237097196601,10.7264452211514,10.7376116252826,10.9666211721713,10.2431331910511,10.6594340254034,10.7123198401805,10.7211606856913,10.7125388136393,11.196786744023,10.7779050606377,10.4849473059917,10.7187753072361,11.0601613350766,10.7280508033168,10.7205026229452,10.7124817267898,10.7306152757037,10.7171000018056,10.7365810029715,11.9732730622579,12.2308070696073,12.1262964250504,12.2360932646139,11.4208537380511,12.2301685662137,12.1597144222334,11.1521274544556,12.2315138983823,11.4819158317777,15.2661110949079,10.892284249019,11.1241371561793,12.2609744984739,12.3146816424063,14.2037356835913,12.9347025049418,11.2916150592492,12.2333525125928,12.3238606998862,12.2748161683475,12.8887226462137,12.4707959510279,12.2171781145812,11.606425626827,11.373417748515,11.469367267515,11.7274632762032,11.3193741612368,11.7268933699435,12.4051014958872,12.1199624939819,12.7200536438309,11.2199999116451,11.2328335670852,12.7986193516515,12.0411628442017,11.8010437308207,13.0676717709425,11.5424097724409,11.000711667645,11.7388955064539,11.7233481750052,11.7354283059011,11.7352201579905,11.7337963931509,10.8689174254417,11.7333180799878,11.8229820288571,10.5404181839188
Epicatechin,11.7688464236185,10.9969143288916,12.1187641572354,10.8444930653596,11.0192768684371,10.6266619833793,11.8986464816884,10.8679288887552,11.200535205435,11.6693464514618,11.0035066754873,9.84379280789652,11.0007517792958,11.0042400535448,10.4583808136811,10.9948857723113,11.0039248394771,10.9997270970174,10.9914268192279,10.993844878561,10.9914588139476,10.1233986664274,10.9975649374593,11.0050823911632,11.0165463040421,11.4453371233623,10.2088154473983,10.845449205631,11.076578900842,11.3770230654801,10.8429800358664,10.8315163449979,10.848525955829,10.4169978868312,10.8522626641706,11.1953423651471,10.8529421891193,10.8390986329012,10.8573673679095,10.5084723930703,10.5206392817801,10.8533924128492,10.7824596466396,10.833074622234,10.8500697909412,10.6308850477828,10.8539457239572,14.1177965581268,10.8416805487949,11.2419751886405,10.4052140514262,10.4046418466697,10.1105335285628,9.33048125667193,10.3982366558421,9.17523671473809,10.0824201733357,10.4080836261508,10.3846073032034,10.3466845716065,9.53061006773516,10.3965871444483,10.407519651894,11.0336732199728,10.3943399016742,10.4088674632431,11.6391790517217,10.9616404373287,10.3907133214342,10.4100344881004,11.6080375834392,10.9600713803742,10.3983492137369,10.3962473338236,12.0735425581197,10.5322511979985,10.864689891625,11.1140705416649,10.6480846657113,10.9708951618474,10.7749535939799,10.1187491140489,10.8721906905895,11.0838947058595,10.8862300649162,11.385161540513,10.87004572695,10.24071613956,11.6953872036944,10.8836577537175,10.4421672902272,10.8896331294095,10.8740787295113,10.8667025259411,10.8845890567397,10.8671172144704,10.875759778098,10.8696010582401,11.4643612379537,10.8898379630249
Ethyl sorbate,12.0393600779776,12.6495826152394,12.2569090295302,11.9960172230733,12.0576412534928,12.035223855523,12.0578791553352,11.2541979901249,12.0407330925438,12.037084775177,12.0334000128761,12.0388833277478,12.6935496234219,12.0400167288713,12.0486664453127,12.0991980832408,12.0259080049463,12.0541746187816,12.0472612326241,12.0399093405757,12.5623340479518,12.0470693992338,11.2398813992167,11.2690072900258,11.3615392296217,12.0136774158791,11.9937053844122,12.999969531551,12.7401023081858,11.9651810730941,11.9773626971845,11.9320167321765,11.9969909544683,11.9802048709679,12.7119556292963,12.001662803025,11.3100269870634,11.9908790066838,11.9978257189639,11.9888968357376,11.9806155556226,12.0810005281283,11.0159910905296,11.9980440314073,12.00322708277,11.5480269696582,11.9838671916481,11.9837753356354,12.00294407128,11.9929392433361,13.8361163225169,12.2688437586707,13.0100912376001,12.5798846838847,12.7065540525612,12.5499672222847,12.3608178890576,11.8189342875011,12.5312212890807,12.5304541086329,12.5524875187868,16.2959526572376,12.5387453593857,12.5317490613595,12.5492406684045,12.5513916437452,12.5390178961629,12.5058499733493,12.7761230300658,12.028547556086,11.8433453827629,13.351866949777,12.5370010359919,12.5334010049858,11.6455761284516,12.0554720211719,12.0528087736626,14.1940885861526,11.4233279329102,12.0590494062794,12.749006387195,12.3045104292029,12.5491861032568,12.0448383808701,12.0586650423189,10.6574421748051,12.1313530419075,11.2503779339149,12.0536446120489,12.0513278621518,11.5598126311994,12.0503510982247,12.2825961743114,12.0547914163208,11.9656381041163,12.0594173171125,12.0527320672124,12.0632436382259,10.9620324710542,12.0498960031292
Fluconazole,13.9056179315103,14.2718210820303,13.9020782790315,13.8176990503678,12.6212308059214,13.058202927969,13.0461051942583,12.6559095407423,13.3912093800691,13.3514985924106,13.9725687622017,11.7620767165192,13.9229843393057,13.7256278163971,14.0417933064569,13.0313279826352,13.7440217325481,13.3166777333323,13.4050428982169,12.5131738737375,12.6170341442575,13.8029174276633,13.9517114755371,14.090953233547,13.9565107011661,12.8199307119304,13.367935407671,13.9321291281718,13.5744862980002,14.0915958301159,12.5220814718182,14.2393346158728,14.0020384511006,13.0532761273556,13.7590508516324,14.2965645228705,13.8128050201087,14.1467584831337,14.3956371179349,13.791896214266,13.8126912162058,14.6073676927078,13.4103109707649,14.2028339474753,13.1286225921074,13.6092293620416,14.4918255139159,14.2991304005943,12.7690042601416,13.577822202673,14.0511189370865,14.4171647052064,13.528673565399,14.0888151590029,14.7670555214276,13.530676047818,14.8662076581176,15.7181132005458,12.1116907551415,12.5138848371954,15.7589033588592,13.3966619634285,14.2285029153679,15.4870118360653,13.0290021231219,14.9308264916248,13.6002560038344,12.8537085882648,13.5262135988124,12.8912754439235,13.5491305608943,13.5135589291716,13.2271664826267,13.7786820288301,13.9403462455527,14.1471892948661,14.0224424766338,13.4461138986558,14.4230141495364,15.2188481702138,13.1132457357749,13.1816060031847,17.1611597266512,14.299902374392,15.3727749691001,14.8637629957401,14.0852454425844,13.9108348949555,13.0605524826092,13.7317438156519,13.610585362181,13.2949254027733,13.4545321471955,16.1758973565633,13.0121836674218,13.847135389122,14.093989421021,13.3410628776404,13.500595430464,13.7553771328402
Galactitol,11.7517009294198,10.3434690789037,12.484538582084,11.2312653640705,12.2831012306987,10.8164131397134,12.3982936093551,11.343683860115,11.679550675916,13.4630657274444,11.660566129766,10.83467942773,12.3683771544428,11.0244780762009,11.8237287387469,11.6865875572375,11.6664473613145,11.702578360758,11.6873635897703,10.6437953103662,11.0251268451841,11.5943760351796,11.4342882635107,11.8121048054586,12.311314365173,12.6738266138401,12.6560854626462,12.2469095130542,12.8936344485599,12.9158810813941,11.6010939100481,11.3019544139491,10.8893869338141,12.4641511899967,12.8294633136095,11.355009657661,10.7262488805743,11.1516873205013,10.5027583013066,10.1990031287811,11.3693966575843,10.4250245441296,10.5429105446496,10.3176282941184,11.3365717903553,10.4444316618812,12.2034102149558,14.5059977918188,11.8983020776224,11.0540622952661,12.0665638091784,12.3341419552479,11.4073090626583,13.0452622264821,12.8732818413406,10.6719283663979,12.7620439074096,10.7235870297772,11.0202677473206,12.0755866737274,12.3820849317558,12.5437327076633,12.1813569512637,12.2285434966213,12.1766698235943,12.1807448240743,12.7663194353152,12.3391290120718,10.829049822529,12.1329505820237,12.663801052239,12.0986057666116,10.9260458397257,11.2796960788018,12.4965286933355,12.7606703956528,12.2738665068652,12.3326196299134,12.4907464434951,12.3307893625441,12.9870150293962,12.945663907037,10.7873511184776,13.8096179680896,9.98023844742751,11.0630191239565,12.8300425314561,13.5285064539072,13.083273298595,10.9998388043417,10.8780062260524,12.4083830234264,11.7839339197304,11.1470279135947,12.5155935605158,11.3262914992148,12.7417543886356,12.7182290565992,13.3831079223208,12.0243625670279
Glucosides,12.9424038382113,12.3611946654357,11.6585381429879,12.3497183492305,12.3151641856064,12.3504448451192,12.8669425491216,10.8812020151669,12.3563675351517,15.1199916466657,12.3459170867103,12.3218235140219,12.2527453868772,12.3682129135932,11.3281302879311,12.3703636407188,13.2886763317224,11.3540856135377,12.9593224823597,11.6478445996986,12.6907030592971,12.0609669252108,14.1517761043667,13.8301484961818,12.35823572154,12.5483949616511,14.0890763804918,11.8244945073474,13.1746097337292,13.6749464982665,13.8145752293827,11.0930661887142,12.5486043080192,14.0514448850341,14.9270660556762,12.5491271566465,12.5581482757741,11.886456129259,12.5559342291469,12.557991222269,12.3733081159644,10.9566249204655,11.0955429742121,12.5510132003481,12.8684491485515,12.5359117041771,12.8575410133252,12.5418797655809,11.7587140232111,11.3016790604221,10.6569539903953,11.3822529409241,11.1506012107037,14.4935749799978,13.8560886308946,10.0519541118661,13.1892320441597,11.9923104891864,11.9760974524467,11.8189813285985,13.281020945854,13.9772938056159,11.9790409699882,12.6152439562078,11.9836098006681,11.9988342200246,13.8792206436424,11.9862154385356,10.8865903796287,11.9978961000299,13.8787364372203,11.9904936055798,11.9838591942884,11.5165260289292,11.9826822069364,11.521959734002,11.3051942647196,12.7457080154113,11.918360598532,12.2286439382847,14.4402725372141,14.6263697627125,12.2387284506993,11.8517474952802,11.3437416467582,10.1255426950404,14.2492963726551,14.1471388643131,13.3119961058258,12.2341639865432,10.2931976096172,12.2273315886572,11.796902154783,12.2280763991798,12.8337835563809,10.3510244173399,12.6156229613848,12.2295809398966,14.7049138127191,12.2388209696469
L-(-)-Sorbose,13.0938420811323,11.2510485794289,13.7857196331977,12.6837042560922,13.5606793749925,11.9799932191596,13.6460542513279,12.5613733034488,13.0031571702366,14.6538596069734,11.7829318110787,12.0293169089054,13.6515146195026,11.9992197157897,13.1245480823416,11.4146433880603,12.8969347284184,12.9767118456764,10.6540940819956,11.4830297759634,12.065369549618,12.7792007610013,12.6919994226368,13.3417983482108,13.7727618637691,13.671082527966,13.8065957999739,13.309166979684,14.0391040198648,14.0091175781592,12.8905184330993,12.5776680703896,11.9796493251404,14.0933625255127,14.5431073041317,11.4404903232412,12.4113513969352,13.0628176104679,12.2290989930368,12.1798884583955,13.1321073392107,12.1623041677048,12.8063973518273,11.7020824911581,12.7677841234524,12.2347660615792,13.4984971315282,10.9456734187823,13.1810995169169,12.1811302372693,13.3178853114956,13.7219255626165,12.9766205574628,14.700554264902,14.4575661492113,12.363976765398,14.6006776018916,11.4481313751428,11.2756031933975,13.3305415157572,14.1618422959895,14.3872578800323,10.2520686695013,13.9625156946647,10.4256971480602,11.1121869570061,14.1523312046205,13.852398626098,12.2675047581505,11.1265849197007,14.1367401385102,13.4943848284379,12.351609380566,12.8682116068677,10.902737247296,14.295395520611,13.7624539318449,13.9332954353294,13.9736111849421,13.8577258434913,14.537730724791,14.3745074026085,11.8680063533657,14.0511476650169,13.9550620847907,12.5632498139938,14.5553803410068,15.1205903649284,14.6726656158824,13.9629468547432,12.5143564953583,10.4704984270801,13.3533989593693,13.9550835521936,14.0733805708973,12.974631328057,14.2817214446715,11.9231459180294,14.9217673103405,11.6916455277171
L-Pyroglutamic acid,11.7991634610118,12.9582914615728,11.8675701014749,12.5704806308855,11.551687371226,13.4977032309602,13.9782761285861,11.4010428218472,12.9323145695006,14.9975991473646,15.1632513276877,11.6260260960822,15.6146768816533,12.6717107553949,12.9750859043426,13.5038431567938,15.1400746648868,12.9134499993931,14.5435042998392,13.502370594907,15.1379552206106,14.8564501112315,15.2572727094285,14.484531609471,15.3535412392026,13.5296109090359,12.6541927219088,10.6620196746407,11.2958325372766,13.9892431881145,10.8154070840734,11.9662907519498,11.8924511430262,12.694279555548,14.8166975165183,11.8891512908854,11.9119786502971,10.2886612246049,12.3174551808377,12.2831728912028,11.8575396553313,12.920638606354,11.8917732504752,11.5899509609401,11.4166318419278,12.0305274949531,13.4247936945292,11.899950975309,12.7392207656481,11.9475061508052,15.2709156476038,14.9165046888453,15.1225281604633,16.3345908405736,14.7108706412382,14.336237590107,15.3252204914982,13.7420744105097,14.3502889433647,14.2009466945824,17.2571491565176,14.8764463122517,14.2186482720205,14.4133843584837,14.3629193616318,14.2157398028102,15.9318338263165,14.5595229510704,15.4622339393414,14.3618242407868,15.2364700006048,14.3475046202808,12.5867196042547,13.5637778790714,14.3377648578771,13.512862915112,13.1590304537672,14.8554922514446,13.1382429072585,12.3758434266554,13.8845169418723,14.1116640037495,11.5598484903539,13.2245707975515,13.1583030179232,12.7045480170701,15.9475724838828,15.8317720802561,14.0625309768837,13.1537728402484,13.1384231536006,13.094555724411,15.8133098533873,13.1123824657667,13.1073481732387,13.4122467985761,12.9341118633606,13.1409526330989,13.1444367122357,13.1587923195745
Levocarnitine,12.0166333781617,11.8999425790095,11.3112746922037,11.7451337431288,10.948984298557,11.1016060554142,11.5168600793956,12.0243533724822,13.1455704486388,11.5533472588248,10.8558560855301,10.6203389538358,10.9342016907796,11.6330296887709,11.063831983185,11.4740873873438,12.28263894229,12.0500637607007,10.7436969150276,11.9548809452205,11.0425756958713,11.1499895436562,11.4742973153985,11.0389748213329,11.4813678585476,11.705023034926,13.3184978391693,12.0570528430338,11.6218347054368,12.5428314363529,10.9978199384102,12.0689539070204,11.9935764148681,12.5148389804005,13.0358337889983,11.8786693061619,12.1986784632109,12.6671289059943,11.5514430850894,13.3484791724293,11.8851079834115,11.7782533789676,12.866097416284,12.7413906093933,11.1579651859294,10.9005625732424,11.9582279833314,10.6516108487426,10.9226993045984,11.1814372492122,10.8252963274568,10.7509561557356,10.8314710215673,10.8242164730937,10.8233569317463,10.8136942309542,10.8219096845703,10.2410833672713,11.868116683599,12.7589582665235,10.838592151852,10.438836479809,11.6620497396881,10.8357774965253,10.8223242890718,10.8344599279161,10.4664105180474,10.7139610975133,10.8251989300529,12.7883528459955,10.8140190864411,10.8125199666739,10.8266097528631,10.8325899324459,14.2635730888324,11.4128066680386,12.4377862150088,10.1890429858007,10.4401137719622,10.2443449491316,11.6111855381567,11.2958288698664,11.277123270574,12.7376419855196,12.5427319449434,10.5172894556435,11.5695686196768,11.1387321512547,9.68269418681234,12.2506520288104,11.292901009887,9.88301364616159,9.92147857953504,9.53224211700177,11.4631118112992,11.2867873132037,11.0639792929043,12.8720934857246,11.2945872529374,11.7970277764933
Maltol,12.9707988070001,12.9737972588969,11.9208753640349,12.9758789462192,9.30975975930316,12.8095829236065,12.6881748386887,13.349225415236,13.0843818067675,12.7634207583172,12.5605939374304,12.9571546588767,12.8369281539494,13.2887269817412,13.5341287647768,13.3067310654104,13.4072209887742,12.925642721208,12.5290387772844,13.0284073639476,13.2164415068516,13.1800916446815,13.0927487302937,12.8416454426024,12.8793274047061,13.3232078175487,12.7390886912207,13.1595083800214,13.4097931824635,13.0650421422426,12.9863216339106,13.1903932007557,12.6090813836524,13.6725528042378,13.1883883969987,13.9251090623552,12.7171761672955,13.4470708015135,13.1975162961797,13.2601650716166,13.1887584327627,12.8885496712836,12.2191753278607,15.1171651246171,13.1871712280545,13.4188094013857,12.0411461091087,13.1984912603637,14.2173621346751,13.6635285473447,13.8694065477156,13.7548847365779,13.9579164916468,13.8807327645935,13.7538002195004,13.4456144112496,14.0443170873258,13.524607862752,13.7094832325302,13.7171821403894,13.6992592891955,13.4403980650419,13.9399122628616,13.2619298063915,13.8175326965384,13.4787641866117,13.0323730976778,13.4248693132064,13.765003961261,13.3390009494198,13.2729890167985,13.4911200185261,13.8385412198307,13.7067256470929,13.727027591585,14.2139414986314,14.091344980332,14.2238530914246,14.3352761551948,14.3634098717331,13.7784646446515,13.6664928761267,13.7982879855076,13.6889534155388,13.8216137472418,14.2905008326746,13.7777184435745,13.9472832626563,13.4681747012198,13.7283160834575,14.0925113895223,13.7785883217424,13.8195285856844,13.2174805729639,13.2320803169507,13.8059799359777,14.2757151068473,13.7016323085223,13.7128227956782,13.8228071475072
"Methyl (R)-2-(2-(2-hydroxypropan-2-yl)-2,3-dihydrobenzofuran-5-yl) acetate",12.1704333338268,11.5013268576933,11.5720349551857,11.2773820103871,12.0773088546445,10.8289355167285,12.0254097273172,11.1557664578634,11.2307242751437,11.8907053713608,11.7340935218329,12.1560002387488,12.7728710167309,12.1595449720846,12.332826687916,12.6493778243241,12.2103918691234,13.1005824585601,12.1595740491782,12.1557070911282,12.6337518621185,13.6011934138393,13.0195975417054,12.6689638715189,13.669606013114,12.4417771885862,11.7791247700619,11.1735234417489,11.9075804987135,11.1148056411364,11.6088728372779,11.7604215103064,11.5721190732597,11.7664064436862,11.7526589473631,11.7547521383741,12.6592313055797,11.9765132351197,11.758377638553,11.7648535685434,11.5041914396745,12.6627003327278,11.7540786394598,11.7580644870508,10.9841276452635,11.7598340511901,11.7755329768168,11.7637375931504,12.7187079668822,11.7516991392154,13.262467180641,12.6315513519423,11.3056468127926,12.6863682352622,11.3787131654423,13.051697396434,12.5628800704249,12.3199632611245,12.3151032777846,12.1220915782609,12.4307497212018,13.5324105062999,12.1171406346321,11.0920839996973,12.7897159149177,11.63361361372,12.3845824077895,12.1282066835288,11.9792143810331,11.9192695029037,12.9603279225869,12.6020479270388,12.2250275043563,11.8863929864216,12.3212540777159,12.710714760472,11.8615802260607,13.0021637792122,11.8362971744877,12.0556663480737,13.089324974099,13.399186348391,13.8200009894591,11.8690567187355,12.0965376910961,11.883101604495,13.0573392407425,12.9386064225462,11.8192338648133,13.1301292379918,12.1096951556771,10.8275123478917,12.8404598316986,12.0994716700559,12.1073352337547,12.1075644139451,12.0729066389173,11.4376603344934,12.0992281771572,12.1093543279862
Mycophenolic Acid,13.059378992811,13.2548816841508,13.0745651137533,12.9800997372798,12.9908954727656,13.1503597803085,11.9356270576517,12.77658684379,13.0715661607978,12.141796599975,11.1637623772898,13.0718817948285,14.5258663581371,13.9112426104247,13.0628496505958,12.9473985260467,13.0722810009718,13.1500778376895,13.0833383538477,13.0792448054828,13.2654242764209,13.0760603263663,13.0834119151663,13.0842733670802,14.6136015560525,14.2366137068836,14.1475607871731,15.4731429710464,14.4914344618009,13.178761762409,13.4667453822571,12.0179026569764,12.8541787333015,13.1760040234145,13.1880982299101,13.430307613646,13.3766749646947,12.9440102474204,13.1776268762409,13.162894391792,10.9465768916522,13.1775642727219,13.1738388822353,13.1729749780027,12.4650025480299,13.1776102806855,12.8289742197815,13.8171443510422,10.3096112378165,11.5939348276475,13.1695440796676,13.0446994079811,13.4426466764148,12.9519681305811,13.1351891596242,13.0322052513147,13.5563693669718,12.9055115748148,13.1260196329692,13.1179450649117,13.6211912918697,12.3381948436274,12.7851225060985,11.531911081431,12.6849339385174,12.4024729801247,13.3446624016186,12.6602902341601,13.7658607714056,12.7040001920716,14.8186720660249,14.3316294129402,14.9746485297056,14.1112926248952,13.4620973230489,13.7037528112877,14.354379891587,12.2991914888432,13.2819499651239,12.8439871029179,11.8857221792018,12.8465779455112,11.7535976410151,13.108029322421,11.3230394897674,12.6686708801456,13.3511077466372,12.5989298626496,12.8670853963514,12.859933432654,13.2240914203674,12.8455481645096,12.8463524920094,10.9218635939016,12.4438857115529,12.9576755602983,12.845220773837,12.8772489268478,12.8545004865124,12.8561606518814
Niacinamide,12.0396219700033,11.9703835877139,12.5327768040206,11.6587778873618,11.9711921667816,11.9681653331731,11.9693137857325,11.9652532704848,12.7410683390008,11.7087139271616,11.9659618402805,11.9792359594254,12.6576518719188,12.1324912536899,11.8986309767078,12.4797702353442,11.2562486764599,10.3714143092626,11.9726953719771,11.9578407376059,10.6105091926087,11.8448905058045,11.9730498778098,11.9704884259321,12.0287048591232,12.64893367937,11.3323189699622,11.5329909848336,11.5238511291145,11.5407124606935,11.528155112737,11.6642744801341,11.532339211458,11.5306262284241,11.5253398026431,11.5243020407595,11.5348548902937,11.2569757352838,11.5266749936791,13.489747438565,11.5315675469143,11.5003565520859,11.5333367004476,11.6679794351327,11.5353740982063,11.5538792405366,11.514516323326,11.5238470110985,11.0254225678871,10.8131959619122,11.457212048222,11.8507875481593,11.4393264201562,11.9835949633522,11.956887262494,11.9703885412514,12.3570591988676,12.5566709603301,11.9691464074055,11.9569778004307,13.3115596824992,11.0635352761199,11.9691732345955,13.2095383698785,11.5448072414425,13.6737574594138,13.7067183495029,11.9605091558849,11.9675738956442,11.7887985460174,11.9623199048131,11.9629828242715,11.9606282921937,11.9828644341653,11.9701288681885,12.6395061780928,14.0089259711056,12.9398962970961,12.6134032232447,12.6416518153042,14.1821133885025,13.0873590466806,13.6919433325527,12.6381117567664,12.6326298442388,12.6341190931575,15.1184653715961,11.4820089088925,11.2695018222731,12.6383263801806,11.3791291611387,12.1319155496178,12.646251854178,10.9238670906166,12.6660289026176,12.6420575605229,11.3480704944307,12.0023734664879,12.9112365165292,12.6312059955033
Nonadecanoic acid,10.9395903944234,11.7206932749135,10.9440178962693,10.9326488108796,10.5287572773398,10.4264270613456,11.1378638796908,10.4502747937003,10.9274715545913,11.1774369573677,10.9476449337474,10.9394034835034,10.5313970464125,12.5197529560586,10.9442060086823,10.9514942927306,10.981818229793,10.9396656323915,10.9570291516906,10.9609914791412,10.9391335223959,10.7887273028168,11.2475087816325,10.933235804624,11.2444161821166,10.5931243340077,10.7651139564099,10.9310168393023,11.119404405065,12.4570961439344,11.5313937024142,12.2386864341558,11.3701595459263,11.7428918291685,11.0868090700754,11.4787585373717,11.4402194240069,11.3158157891292,11.6146954088118,11.5716696103177,12.8677200623557,12.8250232211536,10.9370892597092,11.6176999546359,11.6908110397602,11.6617782059741,11.8787748639295,11.5240618921395,11.5335937164776,11.1940884080413,12.0505570140032,12.4154216622777,11.8262589790221,11.791674352142,11.7289116716393,12.1792142236872,12.5889938754386,10.996869872466,10.8614161627879,11.1647585162422,11.3651631323941,11.7968648981707,12.255388109079,10.7681715704361,10.898870332382,10.7946856267254,11.1204847495595,10.9641813364703,10.903493504453,10.4846191940953,10.9686413845489,10.6713537164834,10.8468196099929,11.0671542429942,10.7548850801369,11.4183844585867,11.3103381572657,11.1788192540579,11.5197207723467,11.2031347571382,10.8231345715827,10.8833661214153,11.8893845216463,11.0180522984708,11.2737868090028,11.3860239265396,11.2656339420326,11.1107176951157,11.2309173269817,11.0037245428204,11.5329298230508,11.162410104442,11.2680208459024,11.1741640773607,10.9345916404875,11.7235911686668,11.7974538665679,11.2634762592066,11.9708248355895,11.5367456166707
Palmitic Acid,12.4497615171283,11.9323271954758,12.2621396219702,12.4511261271203,13.5248695407637,11.9744199765979,11.9033994994928,13.1158949745595,11.7483827829865,12.0147586005265,12.9410557218443,11.4100957617998,12.4598473576834,13.9432315226884,13.3079228612578,13.7660713145393,13.2501736173147,12.8753244545169,12.4441041017198,12.2066632503555,12.0336052407493,14.8133148037404,11.7222707124723,12.481796164664,13.4214503214434,12.7486828620311,12.6518144921324,13.6874262206233,13.5114083322851,15.0569827361976,13.4942121270028,16.0735723774234,16.9009661301445,13.8964969514558,14.3799927909973,15.6794126552347,14.9371521980209,13.4721493729302,16.2724473817168,15.7506773585495,14.4018043399666,16.3650072938861,15.2969334280168,15.5561258494044,15.9494330818526,15.7978259393952,15.2578452339404,15.2372419373268,15.16012326227,15.5418490444818,10.8304246066863,10.8414476262285,10.2214044625767,10.3758538081267,10.9834639712582,10.7251049411107,11.1773745664407,16.0324240461013,9.97187657976638,10.894584955375,15.2736379400411,10.7851593219803,10.9590484866977,16.1870770612807,10.7271940610635,16.1954323246598,10.9762681178984,11.2918530351662,11.2434864877219,11.09115149459,11.4243817734589,11.4968931893813,11.027276081921,12.199743708018,11.6518344131703,12.7984589899371,12.1377869354068,12.0450700125492,12.2850224591796,12.8966360969064,12.7710881067561,12.305387276726,16.3297531856363,12.9029723282253,12.2914914189338,15.5028021351756,12.6238073787948,12.5390197559462,12.6364729599043,11.7215437561654,11.4898329901432,11.8834705735466,12.5127567673378,14.4510310367959,12.0472830917075,11.8491905527241,14.4083600845501,11.4540475758765,12.2335088698707,11.3277059916072
Phenylalanine,11.0233141824034,13.1057286789114,10.054937230772,11.1030654313107,10.6135363850958,10.4323747030145,11.1038299336359,11.1292823864098,11.4242412224895,11.0668085478345,12.4820929410652,11.094961565828,12.6613293787823,11.0845348834929,11.3964559356438,11.1040975691322,11.3975828509893,11.4092617842219,11.082989278948,10.6132786655364,11.0882274565855,10.906400357436,10.2150570745639,10.933683659782,11.0921697711616,10.4734829679274,12.2280512395437,12.4229905812108,11.1866372486137,11.522645837144,11.6995279776015,10.9337624021689,12.4724301625288,10.8280168672782,12.9650005421566,13.1526626718033,11.7189688619781,11.8301374558451,11.7325264364894,11.6617617845392,11.1926334722313,12.6088948862936,11.6812495416614,12.0867668140229,10.7397268451799,11.215092474909,12.2624801018805,11.6958389125819,11.7152971093259,11.7203239250091,13.5077536736671,13.5455354432925,12.5890624740273,11.6385022117259,12.6025720247454,12.6083060827207,12.1627806943468,12.0934171074794,12.5947227803959,12.5905466085105,11.920840065349,13.4743590920394,15.3480708276664,13.0274138373715,12.6044273180967,12.6019724044126,12.5934175149986,12.6062562092618,12.6089289005179,12.6105806438431,11.6290314055208,12.602374650608,12.5981901564856,12.4346154692672,13.6920362970239,13.2073958369342,12.7057827951649,11.6471285179549,12.2475835489537,12.9300584192036,12.4481529106209,11.2309620730602,12.5215264501436,13.7961843558925,12.4470450092699,10.6168195800714,13.9564444631042,14.4166103925405,13.1061253300293,12.3762955160322,11.6452983031197,11.2469849204729,12.2511989630288,12.4464485976867,12.4571953774549,11.7432687581354,13.9696906928572,11.9812790112688,12.9413399398615,12.4504375931688
Phosphoric Acid,10.344000225013,11.0291217486406,11.3721264843194,11.1534726268305,10.3057896268756,11.0464720676183,10.8680976244038,11.0333151980423,10.924444706043,11.0517268284999,11.3111599755985,11.0293122813245,11.3348284238673,11.0271771734343,11.0384389754099,11.0391050383287,11.027737196903,11.0450961557399,11.0333735340078,11.0417059960333,11.0355777114107,11.0385201222345,11.04749208645,11.04416067829,11.0505496431875,10.4252006589161,10.7676035918168,11.1658540868098,10.5261443756551,11.02775525401,10.727618384187,10.6357704209321,11.1007893602152,11.097172806868,10.8849538791073,11.072744671534,11.1761584147142,10.611522343513,10.5057004323553,11.132846236857,10.6091885820545,10.3882860526975,10.2825232535769,10.5253308874231,10.6783724957273,10.1756121671072,10.6072942052303,11.3334686059151,10.6836498931339,10.69575801572,11.299012335022,11.0795116667717,10.911833509302,10.84979312669,11.0680409705067,10.4271579980824,11.1014477724716,10.8778705431096,10.1950165838518,10.259083545887,10.650767350854,10.4768816296942,10.9744531598709,10.9193110537825,10.7319313336025,11.457551709806,10.8647302035604,10.8684087057971,10.5709982400199,10.6701332295928,10.7734024374511,11.1989705127952,10.7662802392587,11.0843276996526,10.7635988170371,10.6395529166508,11.0090508686029,11.5543274925275,11.4344494818678,11.119362429284,11.1658610562891,10.8015020161396,11.3846147344581,10.9270914662347,10.5797083180116,11.0710120795973,11.343915707679,10.7184908001324,10.9745222207358,10.7873641957997,10.4443390944517,10.7942843728394,10.9492786713951,10.5750671937282,10.8238398482818,11.1865241543659,11.2730616308096,11.346258579626,10.9449504293217,10.3552556154872
Proline,10.8687667800324,11.2728384597454,11.2840350217145,10.5579634767835,11.2619590159347,11.2767973388424,10.1812862932867,11.2957261969597,11.2736844584708,11.2874913411601,11.2764514888231,11.2751463174836,11.3544930770807,11.4010827928643,11.6018025565927,11.4784997142123,12.1579056535685,11.7581673092107,10.8049485418189,10.7468976013473,11.2119687158626,11.4999137713617,11.1253917498162,11.0085212695315,11.2817300242727,11.1413467903696,12.5782189255131,11.8799346462544,11.264727913633,11.52633087805,11.5063985627439,11.133881871591,11.4600460036482,11.0398363777668,11.505787584543,12.2328129259932,11.8470730954262,11.5125661473591,11.5158370641815,11.959803251604,11.3388285427772,13.0574834087051,12.0084286700437,12.0560149789131,11.5279387934678,11.5238894185056,11.9029747680736,10.7581500377458,11.2196776124147,10.8281307991074,11.0044022133734,11.7298170556717,11.1417849581935,10.911661148205,10.8278163179741,10.9105476698479,10.9199388862255,10.3207838308933,10.9049714572799,10.3989480378897,10.9073836913717,10.4399507930264,11.5319930282102,10.9110358933561,10.9259062232007,10.9325847712963,10.5740897202779,10.9284467109884,10.931405539359,10.9246013522586,10.9330704541363,10.9210516413811,10.9286368971507,10.9103921654198,11.738477462248,11.8310772268582,12.2479108722281,11.341109426714,11.3468244065833,11.3399804746137,11.3443554239623,10.3586921308781,11.3456341879139,11.4968174464749,11.9107758135109,11.3439646542974,11.3286757047676,12.8328243740019,10.7922573290544,11.3504701620427,11.331039891745,10.1178480975553,11.3271060861228,11.3488912254254,11.3392757037591,10.3358710091901,11.3356910203137,11.3352543642275,10.2989375346577,11.3339747338824
Protocatechualdehyde,12.4222192185457,13.1522539447852,13.1644057396781,13.336996554963,11.6040845828548,13.150436360823,12.4442808516016,14.2084949840894,12.3138337182205,13.1755377804296,13.3649922631415,13.1655812706102,13.8700107390232,13.1719223039428,14.5022213980482,13.1550968380157,13.1500173750416,13.642311435905,13.1557755700867,11.0858192339535,12.1722345974826,13.4404055624786,13.1532067141323,12.9741958428718,13.1663172152025,14.7247505455755,13.1924920749658,13.3222740114027,13.0671192297447,13.0533333075638,13.2881710908535,13.2657330909678,14.3222159394818,13.2573357526821,13.8173058644641,13.2650438900438,13.2631607115547,13.257039191256,13.7601884139254,12.9703881682447,13.2588084188286,13.2793410156352,12.5292167993321,12.9681945466258,11.7858282420915,13.2675188817312,13.1378349795668,12.2058242764742,13.4002205920728,11.704915692289,13.7457586145895,13.7902886992246,12.9705640481146,13.9058338233948,14.5949020469514,13.8139576230338,13.8249970342685,14.2526352338367,13.8037175799941,12.5792635290806,14.539900471584,14.6442155119055,12.6310120753212,15.257904558592,11.4064173253743,14.5284626037888,14.6432893404784,13.5342772544472,13.7973704469509,12.2029229268709,13.8128368928161,13.818408583304,11.2107152162661,14.6540955856652,13.4431209716603,14.4325024651844,14.3811017762124,14.3217435132143,14.3748039951051,13.4254527665106,14.7452003361614,15.3033521893371,14.2995436821631,10.9283087710113,14.3129038710918,12.9206003096178,14.310125203961,14.7852159198347,14.6974543835281,10.8373168672016,15.0003401995756,12.4448586561027,13.4820692660684,14.3218300509884,14.3247107317516,14.3164814931007,13.5757592954069,11.8083288000763,14.3142733834611,14.3105575492378
Quinidine,12.1976152661165,12.183706646119,12.2072573755083,12.1869905749621,12.2068234263011,11.8214438667388,12.2041719264783,12.2085129383542,12.2058113419133,12.2553344079324,11.6592802528023,11.7841186581071,13.1480396285518,12.1859278291327,12.1346905976812,12.1925280174755,12.7530775062978,12.1824460182196,12.2035666896116,12.2017118054539,12.1825717263254,13.2966103816058,12.2019091601289,10.7586298150067,12.732557977389,11.4629854485054,11.4059034394763,11.8856427417557,11.8466777902243,12.7360697554641,10.6507752674768,11.8507947617383,11.7843374737467,12.1282863762407,11.7731996312934,11.7774156517656,11.7772505818291,11.6290109589444,11.7741021929323,11.7808956919563,11.7772165267251,12.2815875907513,11.4879585901525,11.7888785873094,11.2230692876326,11.7892775340882,11.653597148624,11.8264592221431,11.7808571804128,11.7916484381802,11.6043007469374,11.2283768389615,11.9956341179466,10.8320925663847,12.5940916544924,11.4431937775817,12.0426025183158,11.995608812767,11.997027298229,11.9580409645445,10.909958760142,11.9693143365746,11.8127786540142,11.5008755405551,11.2239812024997,12.4132980837246,14.0201423147654,12.392336803496,13.1744415301292,12.8659456493472,11.7554150480329,12.5238523975884,12.059612753154,12.2689782767702,12.7971003939769,12.4208014333763,12.015543070907,11.825078402109,12.5230207677211,12.010143483383,11.4910363824625,12.5272687676686,12.5914154574215,12.5094630575614,11.7672470375122,12.6612001325592,12.665428910719,12.3255111352311,14.5430083001215,12.9833973705054,14.4559252290801,11.4266466938246,12.8138308232806,12.5325262538281,13.397294145487,12.52936253894,13.0993705903715,12.880061101487,12.3804233497012,12.0163758283035
Raffinose,11.6116124886498,10.7996487269363,11.3630128163643,10.8077588080532,10.2066872600265,10.8071825982672,11.1800478706026,9.62618841981847,9.51791028608617,13.9473349146574,10.8104070874342,11.6219178371222,10.339307611243,10.810101435544,9.75573826434229,10.8219031117449,9.31136582480676,10.8095543118915,10.5334503587635,10.8071835499797,11.0055503502377,10.8179945126636,10.8443491604995,10.7818018268868,12.1644179587095,14.416578637832,12.253687303271,10.5815798535082,12.71493297966,10.5759373615493,10.6220370271793,9.7534089637023,10.5871723171081,10.5676314153967,10.9661983126271,10.5632706325049,10.5774687451936,9.67473308240504,10.5762821389641,10.5736780545891,9.81732585342243,10.5709654035379,10.5705875836989,10.5873612795477,10.5745791343725,10.5916602646161,10.586933423148,10.5772332389596,9.50978375447341,10.5317063110652,11.2557457934586,11.2729304453472,10.5765093561285,12.2082280479071,12.2268789317895,11.2668231661819,13.9166349511552,11.2633545469355,11.2661886158583,11.2838528644771,10.6156539750006,11.7473533087146,11.2585841575589,9.85325676084529,10.6856690992144,10.9601039078833,10.4778600881857,12.4939667158065,10.7901707923753,10.2859696724956,12.1567073360827,11.9536468007173,11.2441470732345,11.6624891435684,11.2661887839691,12.4316046848719,11.7553730250942,9.96237067908453,11.341666563775,9.97524086252199,11.2082827554954,12.5957607559717,11.2725822382359,11.6842980527674,11.2771980368784,10.5891405855526,10.8680888503895,12.0870749826138,12.5711507764631,10.4797683172928,9.96158790895969,11.2814806374232,10.4378815730948,11.2636991492239,10.7522278842418,11.2652171335913,12.1236022189313,11.2705252159198,12.3240450183537,11.2878829825774
Sebacic Acid,12.229807400529,11.0480128728563,11.5518486960055,11.4134088025456,11.6658914121648,12.5143916124998,11.9959950165253,10.9222119995975,11.4274077031919,11.9554794927328,11.0574252718873,10.618121601675,12.4312892023025,11.0486327797551,11.8046350384549,11.4164054850246,11.9534927952377,11.4139672223145,11.4206884902132,11.4300878858414,10.2817176593624,11.6722700533945,11.8417525025975,11.299152388826,12.4056350370743,11.564070211048,11.6589230107772,11.4936797083766,12.4652056168153,11.4800808098481,11.4840885543273,11.4982144690418,11.34172870315,11.6594771766265,12.1965579755068,11.5017635170228,11.5474145266534,11.4858752025761,11.4965296342942,11.4757528317409,11.4258680853794,12.0505569776134,11.5655509252335,11.4740832389116,11.4886876268281,11.4855843552125,11.5389057694885,11.4900836081368,10.7449829141698,12.2719623124119,12.8683717418628,12.36535691912,12.8677994760063,12.8266681827171,14.2981540417399,13.4636165247727,12.4086739172985,13.0817769064742,12.8709936397116,12.2997273057252,13.9934796726248,13.4571011566384,15.0566858143059,14.7231619061675,12.1898773623432,15.5650504225252,13.7682860171302,12.6246040811829,12.4903011648671,13.1687458133994,12.6801820613293,12.9761426203759,12.4434672524546,11.7506274469904,13.5360858591977,13.8230752707724,11.8627420719562,13.8236301785055,13.6679560256423,13.8168238793208,12.8050051178797,14.8901626158868,14.9279017874754,13.8290283522686,13.809146529818,14.4720022493691,14.0131225946724,14.082140510263,14.7886904118061,13.8343571498107,15.2185465293913,15.8025179380194,13.0293045031379,13.8163035389661,11.9412209805684,12.5194815413024,13.8223910305488,12.5028400157721,11.6831065654667,13.818539892556
Stearic Acid,12.0713148099459,9.46441916192111,10.1257382133876,9.84823163410456,12.7958020393488,11.0602917570147,10.3181684828947,13.0774250310116,8.84215216448083,9.34378118880771,11.3202140198202,8.34454575040834,12.870214908695,13.2627723822579,12.3435807648827,13.6812181506443,13.2295539487613,13.5443234197252,12.3414369228202,12.7434832383012,12.3817291536244,15.1194755201246,12.3306212499186,11.7318492152497,14.2043954258244,11.8854936623518,10.5333287276757,13.0191522799846,12.8943294363757,14.9958370858031,13.4815476089607,16.3787522278521,16.9329176153791,14.3003146304503,15.4328633985656,17.1720517741664,16.6996959050284,15.5126353769479,17.6204501612751,17.630569570039,15.9608137684082,18.8434397447948,17.7001613273822,18.0446117437072,19.2717469069971,18.1525048433591,18.0163957559675,14.910834309524,17.2660983573547,18.3280332078687,10.0474016696229,9.0447111935278,9.20347036133514,9.19707742306036,9.50995348454586,9.50042110722059,9.97867295998656,16.4913921545852,9.02639150084936,8.61887120858102,15.5134876776891,9.84396067368134,9.60684145195664,16.5323539062389,9.90981074552475,16.3522093144593,8.25668977859725,9.16386865924492,11.6698743164876,9.51131065418787,10.05857397901,9.89722836201585,9.59414974447526,11.1487332821554,10.7915800365955,12.4252657661752,12.1766375654176,11.6363611270197,11.8960402032184,12.9494843247276,11.9758907972905,11.6874097123539,16.8383076935457,12.8829246803779,12.123167997961,16.7724208775133,11.9306343718773,14.9229735554898,14.2525204646179,12.0217806848912,9.9651645027789,10.5308000337735,14.9595370787105,16.0926711044925,12.8808214108268,14.5293502129272,15.812973297532,12.0053410896635,14.3848683987126,11.7280164241918
Styrene,12.259884280239,12.2582409966548,12.2513499396292,12.248122612298,12.2617015818936,12.2484770331706,12.2478535476219,12.2424944069244,12.2406723382986,12.2997012507519,12.2656459351805,12.0711276623965,12.24881467425,12.2466942174768,12.6277653578122,12.3747898455159,12.081707752077,13.3739455315702,12.2400220338149,12.2450437126354,12.7214889310196,12.2078654217922,11.8937280621828,11.5493075281098,12.2503522002315,12.4834995193649,12.3941652284072,12.7756812979999,12.1331641561649,13.0449034341697,12.4546896939177,12.4900320375357,12.4561247890956,12.4758289696235,12.4729660824478,12.5119147186062,13.1616514954028,12.4754045337281,12.4934040064107,12.4834598972263,12.9680505195795,13.4931180143727,11.9764524759785,12.4753485797431,12.0806094874405,12.4773524346953,12.5084927673653,12.4911814729314,12.4903293552558,12.4873830309945,10.7778883681462,10.9832359128507,10.8739541780685,11.2637134656002,10.7614465925381,10.6045076328944,12.0006198681785,12.2287777546456,10.9947680877336,10.9809269392533,11.3550417670693,10.7355655414366,11.6423368299449,10.4892848975272,11.1037533395115,11.6359347712867,10.9271253512227,10.0075968213075,11.3549949997503,10.9958481952806,11.3394100936153,11.0353378962295,10.3855584441034,10.4858235147706,10.9740845025719,12.2489025474686,13.0931053609499,12.2686291333499,13.0549785309364,12.3105530227437,12.2493692636068,12.2464536363168,12.9364651408971,12.2568257589978,11.686692836207,11.4358235175298,12.67982632566,12.3177093439779,12.2601704085179,12.2694490895545,12.2537795142537,11.3566107635805,12.2679852509057,11.70107050917,11.4014866612119,12.2628431362666,12.2429879647022,12.2553060747978,12.2571912871512,11.2876117774938
Suberic acid,13.5071238540306,13.2534445296907,14.5362465629535,14.1728048251609,13.7312610791351,12.0658015853658,13.507127091935,13.1274378524784,14.2235420857438,14.2909174109956,11.7740032055465,12.170134841328,14.7620193275553,13.0247130738282,13.7115896470812,14.1523335680967,14.0552015468887,13.49484705002,10.2729104510801,11.4384886723498,13.0696883787857,14.0743715437247,12.830802309976,12.9742663909902,14.5601039046549,13.12444226333,13.9411768092694,14.0431518234836,14.6709148096721,13.1105384047397,12.5912670999731,13.2466740253381,13.8255895629637,13.1036665053356,13.1136425002762,10.3360463604264,12.5529023529359,12.0528684278313,12.0456627958998,12.2479024318655,13.6666168229231,12.5988909609468,13.0022233882936,13.4155027189488,13.1333201515331,13.4450707155842,13.3658911201094,11.2304548905691,13.1434531764655,12.967344357904,14.7476336591587,13.695306570588,14.2324587936763,14.591846984214,14.5573888353185,14.6090414192735,14.2117547759738,13.8853948141768,10.183870625786,12.5101044723636,13.0984702672785,15.7810330631474,14.0355925016319,13.9854057261416,14.8458558174453,14.9235876652311,15.3729893049688,14.5059685984537,13.6302969616542,14.1983685627751,14.8364158273498,14.4918530080397,14.1917658355266,13.8421248811237,13.8376186807758,14.231934095119,14.8053429975968,14.4066955041239,14.007221285114,12.2590722915599,14.9657805697176,15.4875778524829,15.0247025806895,13.018648266366,14.2879904516947,13.7713746415095,14.2805059485167,14.8876670091948,15.6199852218367,11.8756043628806,14.3502656808364,14.2788949144635,14.4641325142224,12.3530308396807,13.8752575736862,13.164508868743,14.384816641304,13.7188137932423,14.8609675088295,11.1185773022984
Sucrose,14.1888755544011,13.4117508505473,13.0385744284254,10.7956216600739,12.3715383820885,10.2201293548537,13.9748481281948,12.742717526305,13.187653960968,16.6932857006808,13.3905526733353,14.9110553492223,12.8270727103944,13.412953348425,12.5545200100284,13.4003264897513,13.4008428255636,11.0295876917976,13.8527958401482,11.1466927771779,15.3220177811676,13.4279038731104,14.1288146309997,15.1728691816099,13.5966249920278,14.8618326515162,15.3638323784587,12.4017206628679,13.3815232532339,13.534237914722,12.8972646855603,11.1916401328053,12.5723847767606,12.8511610610532,15.1195727581312,12.5818191196978,12.5983918633279,12.4362448042436,12.5785101241625,11.9002259257004,12.7474207980541,10.8787307770147,11.3313897811119,11.6370352716355,12.5144422940244,10.7771288728443,11.5942587549649,12.5798995723492,12.6556079030398,12.949110554232,11.44313516101,11.1881485265916,13.1328723481091,14.4343906311726,14.8900355987655,12.2375070515336,13.0471160111894,11.380238444831,10.5483022963671,12.9180157394651,12.5772296253544,15.54293554924,12.9056597471347,12.9224054191969,12.0215671420653,12.6750488724458,14.629159064807,13.5977592414275,12.0706383343235,13.8897520778267,14.2748169822006,13.5247283608149,11.6132758053702,13.7070422911245,12.5371515782305,11.0182999884326,14.4004959540326,13.6497024175715,12.7912435925471,11.9493913505047,14.4878239176942,14.8405569197512,11.9232690465432,11.2381274483083,10.35940353882,11.7831789491919,14.1220759153243,12.2393272555996,13.0095208210222,10.0557720890591,10.7197333674212,12.7785556597254,12.5704142457458,12.4132255341927,14.1454741559331,10.3768146493717,13.5751202383673,10.6585989416413,13.2645491509032,10.1415828411802
Theophylline,15.4767523217761,12.7257514840078,14.7795024642522,13.6512897835029,15.2847313231323,13.8485304287512,15.7111391349009,14.3242944117828,15.1419966262613,16.8338165025882,13.4207223591976,15.3317031034544,15.6139114407584,13.8354328275698,14.8884953400053,13.1088290005549,15.7279971089921,14.5771581527491,15.2321264791848,14.4191736565202,15.0408060244838,15.0286444485798,15.7092897826387,15.7159929707156,15.3341909792887,15.323392513881,15.7950354684309,15.0824720161676,15.6653485762456,16.188684778995,15.5888431895573,14.5910254521897,12.9613377337715,15.9925804803659,16.3297401731188,12.8787436053008,13.87861401253,14.7022882137893,13.5493991334248,13.786238257268,15.249964516925,14.3697815384881,14.0830206037069,14.4853172157702,15.4036418258501,13.5712607482814,15.5082554384921,12.9560590565874,14.9149278319308,14.66129719665,15.0707903707516,15.3105590629888,14.7160713970922,16.7834743522432,16.131792701105,13.9223410565474,15.4509848553568,12.0416063930669,12.4822130096945,14.2441205345054,15.0904568368806,15.248226942065,10.834260762252,14.2450227014691,11.1724422736911,11.8719314522831,14.94321101163,13.9050941516424,13.1797782605589,11.6064279560182,15.2938383226717,14.4519941313559,13.0193661085854,14.5754938593695,13.715474001051,14.7316347515021,14.9357340268887,15.5021478970704,15.343363454329,15.4109740518949,16.535044795094,16.6324577885517,13.2849676919752,14.8030209142014,14.4380069996007,14.1249768527479,16.4681608627972,16.8172860481921,16.0665441549644,15.0961889199141,14.7107197504953,12.2098397054614,15.2579424417887,10.3696692764097,15.8320188491313,14.6147198304654,15.4906800673016,13.3613608101875,17.1911092758521,13.4990271831935
Trichodermatide A,14.5876209141331,14.7994747061871,14.8051368257226,14.8086188387269,14.8018242053037,14.5714991412782,14.7809889460293,14.7420609556293,15.1672378466903,15.0463027489321,15.0210884554478,14.4080310924204,14.9346504759772,15.3087435026217,15.3258988248134,15.2228292649346,15.6916915266431,15.2813799739305,12.8406644964817,13.988830339612,14.1769287334123,14.4253707158438,14.3877140230659,13.5343717553929,15.8537424695454,14.8251786547321,13.9256819588366,13.9464743513978,13.9350047738974,14.4277936767512,13.9390040251914,13.9330856490828,14.3396102434486,13.9453277302373,13.9420385198167,14.1625262721839,13.910132793805,13.6119802144549,13.9207974885181,13.9384771445031,11.7411348700309,13.9537742058063,13.9462061782667,13.9396980068027,13.9228997821812,13.9347303381578,13.9399464019699,13.9312906827299,11.469489904035,9.69845287333388,14.0561834435787,11.9887190682277,14.4438436770267,15.1828118407678,14.4964999972959,12.8893214093012,14.9332719858435,14.6331787213986,15.1849361301843,11.9964963577046,15.8429802946684,15.3837963065678,15.1898486100301,15.7159783386871,13.9050664483406,13.7180537136572,15.5982373086118,15.4546700179025,16.4849748550024,15.5596406415304,16.2078226816328,16.3339412325481,14.9049534087848,16.2842734866623,16.5950110464344,12.3172519328542,12.5415393734465,12.4691730440113,15.0894103496017,14.0723106944807,14.6827050793902,14.8246626932311,12.7163056892028,11.728783475832,14.737249394662,14.6871608183004,15.17136405354,13.6760518742365,15.0349110550427,14.7978040361132,15.3726987747584,15.3171030826916,15.0402094979979,14.7516099438312,14.6750688462736,14.7578242699074,15.6609434805138,14.7547691449694,15.5087577941053,14.7529502831009
Tyrosine,10.9646853498917,11.2203294983534,11.2213328413765,10.5291325922114,10.9633604971509,11.2214099929931,11.2192114121648,11.2107328676343,11.2249423261109,12.7138003135832,11.2129273631954,11.2276279523866,12.1675771562476,11.2323453150227,11.2257669699594,11.2109418006216,13.360490702719,10.987226899509,11.2113730138264,11.2111344737728,10.5749629528158,11.2923074905248,10.9772745420084,11.9497625823416,11.2824558125958,11.2590333784247,12.172597274109,11.2538878739753,10.8120256765564,10.9880037906061,11.2436177915192,11.2494666083788,11.2504939632692,11.8679260548405,13.0864325189515,11.2550474894241,11.2597407095535,10.8515068489558,10.2461951020315,11.7261508429227,11.1671455730371,10.9707445129029,11.2406233551228,11.3584174922876,11.8558016900105,11.7221800088973,10.6108949046293,11.25941281809,11.2463789692687,11.2410258446412,14.4764836886547,11.6717395545381,12.1568805862031,14.4807094119499,12.9567963922401,12.5810438627831,12.8376232136588,13.5624144865927,14.4765072124688,14.4754821962724,14.9299131187573,14.4823531336509,14.0844779241405,17.4157342325057,14.836720552391,16.2233591635653,16.4175048118599,14.4626506690531,14.137722145639,16.6489714240402,15.0696148979715,14.160104876204,15.2058055179027,14.4746156394782,14.7232767255741,12.2411556411777,11.5324485163556,12.2949334409768,12.2372929969993,11.667804904492,12.1782613699424,13.0794764866398,12.784954112827,11.2557848643971,12.2462663838857,13.323654716751,13.2240598814262,12.9402594102647,12.2478083346142,12.2508812747991,12.2388973048332,12.2252613224651,11.6944527637203,12.0967764189783,13.4765536368592,12.2317175948338,12.5688572891471,11.9180332425017,12.1811976038108,12.2361654229147
Urocanic acid,16.1162653527275,16.823604652873,15.4526061244966,13.4116571805873,14.3056225956137,13.458812734451,11.0797337739035,12.919166795581,15.4012040728313,13.8589389023054,15.1920014485089,11.5987157686594,16.2240597747513,13.3080870641475,12.9855689535256,12.4720963241226,14.6861617374903,13.3835753768912,12.6048980621684,12.2731320659282,13.6399151294917,12.9261230289271,13.4262071099676,10.6601846306044,13.0975664591238,15.0449555152916,15.9408347942735,14.6820174780138,11.1843419218431,13.1033423833856,12.1013949034459,12.7849867787124,13.0982241408004,15.3193238579954,13.0619556045853,12.086658753967,12.8083711021553,13.077566963488,13.0796171956879,15.266901272911,15.088856313869,12.3216104545539,10.8861508871654,13.9636176647376,13.9722173598636,13.5966062998274,10.8161224468102,9.7924184536271,14.0459772528967,13.0903619315513,13.4460558574622,15.2257264832712,15.6911270987518,11.2345462897183,11.423029568097,10.0985567823347,10.8826277275229,14.6789399752247,12.1558572673609,12.014703977,11.6566896995429,10.1081367496546,12.3068386546355,13.9556482794105,12.1637671936454,12.1704791600867,12.5806985965828,12.1800089580552,12.6425049513949,10.5116174639437,13.3252121857199,11.6101815617979,12.1768959505667,12.1636126651305,12.1597426054983,11.7800109942045,14.6091417103029,12.121009630364,12.7578532578302,11.6297138182066,11.5369176376615,10.3106475195203,12.1439665915466,10.4427570538156,10.4093895029892,12.7266377454248,12.4586637386649,11.6935043764558,9.38877502360035,11.6977732071865,10.4371998492335,10.3349539415584,12.7864257950187,11.7073608513202,13.3996873840116,10.2791054391016,11.8904270643423,11.6938457919734,10.3923323305505,11.6927496434322
Vaccenic acid,10.1404107200999,12.2716304749865,11.7508666162467,11.0844102254205,10.3583797366227,11.1183280611314,11.1408129241112,11.0221421946441,11.1259078278466,10.8713077789392,11.1762316238314,11.1349978627103,11.1309125651825,11.3059032418159,11.1241417311197,11.587757939508,11.1248017446689,11.3075225295593,11.1179754387489,11.137517234667,11.1428159677147,11.1191598689878,11.1260612804344,10.5381077604667,11.1365219049301,11.205887094207,10.7339489221558,11.1983935688586,11.0236607684159,11.4335625623085,11.0456529819467,10.9788724643771,11.3652608851479,11.1894581518072,11.1851865268006,11.3777214457479,11.3931391733259,11.1881421079017,11.2045499804913,11.2312575692941,11.1875741525744,11.186042514763,10.7262177147708,11.205032542755,11.1857582815273,11.1910778849086,11.1983563289416,11.1881816911196,11.197810923591,11.2106899386048,11.0221331180895,10.6824300820052,10.2838310409334,10.8894260747896,10.0637151717164,10.5574629663688,10.7349244125527,13.9741299745403,10.8749795515818,10.8980148840863,12.9016563091863,10.3620351068148,10.8805042128653,14.3472526723255,10.8978007136183,14.1923550894626,10.8757873224389,10.8924487204175,10.8907459176577,10.8903825648038,10.8960341454603,10.8877335272904,10.8772274462292,11.2284663443497,10.8895999195941,11.0064622584415,10.6059623678412,10.4564357438503,10.7381219511276,10.8308527913914,10.5615502397513,10.0907205938942,12.2566396555413,10.4609074833731,10.1356058225654,11.6050013798903,10.3558421634994,10.2943985337697,10.2970765366657,10.097758065984,9.85870840138168,10.4779889739851,10.4757455418541,12.7948208370003,10.4971080576845,10.4453355138844,12.3461816174577,10.5132653680761,10.4653818198628,10.0990741918755
Zingerone,14.6595554900367,14.4090096250773,14.5935489083495,14.4006059832438,14.9313711106461,14.4123364345582,11.2079317051527,14.4095911485588,15.1509628127279,11.234775002688,15.4907532715851,14.4105603008114,10.9408995639978,14.399480059244,10.4661616732508,14.6800541493191,14.4109001138276,14.4024418026251,10.4083134750588,14.3921741726341,12.1781589430386,11.7160760191266,14.3876056689364,14.3996152952951,14.9031500679979,15.0604703506922,14.8058398560336,15.0217367942173,15.7850556949448,15.0478950684304,15.0429378170618,15.0464417301535,15.0481236759507,15.4861797978215,15.111137046811,15.0214509552224,15.0212231488547,15.044616764004,15.008320826926,15.048363584456,15.4197693335948,15.9837219092668,15.033399102401,12.4405911246631,12.4928573090815,15.0222467711257,12.3691614289524,15.0290971937414,15.0380673383301,11.8329096395086,6.68983457363475,10.4653151091172,10.4723967929029,7.29353775149555,7.5806598089614,11.8306004910252,8.55621150023198,7.85360782960758,9.37332694299547,10.4778778918613,8.82568137899832,10.4763290022713,14.5540928777835,10.4638942626928,10.4642440290965,10.1335418439521,10.7553193852507,10.9699462820265,11.6726463292182,11.2550490536997,11.6956181371603,10.4899223636614,10.4882444863096,16.6891797351065,10.4798031620848,14.0097255365533,13.5249105957485,13.0316877770343,9.18481077813375,13.0939910062008,13.1738737745708,13.0903571428557,9.98576580935562,13.1017473285035,13.1100800833377,13.2415584145252,9.37575261037967,9.5325715497082,10.65976800619,13.0903934450032,14.7567849194559,13.8476434413263,9.90833246364008,13.1169482808191,12.6783043076547,13.0938840080221,13.9985993169944,13.1042743988344,14.2621549742778,13.1006763695733
alpha-Lactose,14.3973839531528,9.97704118638097,14.1324662620892,11.63331276269,13.1804894414648,10.3768219971816,14.2644458726775,12.775713113146,12.679534664235,16.6387189834423,10.8856053495263,14.2001835951692,13.3995340162021,9.78622334302706,12.8308824091183,10.6047043455547,12.5474308064622,11.0766544236502,12.9880137979553,10.3454652298696,13.8243827216137,12.5512340711938,13.2468226847635,13.8263072297999,15.1445434025399,16.9416634500746,15.2430899767011,12.6557650814668,15.9269685781758,12.793155329456,12.9760369277292,11.2759079440588,12.2423874729467,12.8929156800852,14.0023685784871,10.8605942198613,10.7008791763968,13.1836004923001,10.5859240933486,11.3586040861866,12.592645255346,10.0762487202758,12.0000035341759,10.7225812484759,11.1390501884689,11.2749317233318,10.1123839847609,9.49830359694825,12.4301506434588,12.4288044151125,12.8181056625369,12.4428929127991,13.3180631411967,15.3688693960016,15.4044574964308,13.5674600708687,15.9801607570236,12.5905355014161,11.2240333317187,14.4878342092817,13.5765071940114,15.9112762206858,13.4476713817423,12.8599223823154,12.5037049524384,13.1989386400332,13.8495072774764,15.2465132614923,12.2012255636426,12.8692745426195,14.7131803662405,14.2424601676022,13.1442550143971,14.1330946078176,10.3085685437529,14.6510442550672,15.6184473147842,13.6663281860381,14.1621899416661,12.9661867274579,14.3687523930398,15.4417001064643,13.1541092211051,14.4373312871042,13.8828338900865,13.2177250292351,13.9013930495112,14.7308463006982,15.1567354882615,12.297919339609,11.9463298629487,13.8413799205993,12.9759038957109,10.1415549037592,14.1615874979169,11.4732323365958,15.4330032003348,11.4193609153179,14.3816245202243,11.0680359030282
creatinine,14.7795331247793,15.4549121924796,16.3428068574357,15.4388912644057,16.8326410778657,13.8628703723424,14.3649202569769,16.7110668549539,16.2170899984171,13.7886981998589,16.5857824026388,15.9004175145672,16.3583646508879,15.4583062420817,14.5296018213111,14.4809468547339,14.3138804531672,15.4452585569149,15.4521998717674,13.6605555437459,15.4520016624309,15.4492022578371,16.6075380666728,15.4419785772406,15.4531215190902,13.1262051565385,13.3886068153363,10.8168237919417,13.1079706004418,13.1103136229795,13.1059744702683,13.1319612073104,13.3454778412282,13.1294357432492,12.9324536815018,11.5275157950733,13.620354319158,13.7735346127585,13.1240412447188,13.2817856375337,11.0014459706919,14.1977004301989,11.1332822722769,10.9968336768799,13.1278652101091,13.8359261155531,13.1244944280896,12.0387263156125,13.4023959044039,11.5377463652564,14.3197156473762,10.8736321558661,13.5419203272562,13.5405115540937,13.6289158624772,13.5244308862368,13.8716189470722,13.524493274243,13.5446198202433,14.0449010885673,14.7772461590844,13.5232514638879,13.5344833722078,13.5272461233917,13.3284059997831,14.0573220269248,10.3885498246713,13.5439508479017,13.174260884366,13.5315406380231,13.2621522180847,13.5372247462955,13.5459375060597,13.5256475801072,13.4380577766038,13.2977362327864,10.9206528444937,13.2201684143543,13.9232297891103,14.0251132660834,13.1968174523586,12.921693275444,15.1858181463106,13.2070842458627,13.2097613767727,13.209370140043,13.1286930720502,12.9109227804202,13.2064383002889,11.4275624800222,12.9811723591185,13.2124022369992,13.223361681937,13.2167447892064,13.218186503902,13.2238632623205,13.2100746249082,13.7364136140564,13.2043539150274,13.6696246753989
